1,0.0,-111220.46300080774,0.0,0.0,53537.93935122282,38681.0,28698.40800992088,-1.7887551436583635
2,0.0,-111919.23325246995,0.0,0.0,53869.69784075947,38939.0,28878.989637521172,-2.0375975026295237
3,0.0,-111535.95679285997,0.0,0.0,53078.82578661309,39516.0,28780.453772518413,-1.476033344827556
4,0.0,-111149.45887903584,0.0,0.0,51957.61169314198,40420.0,28680.80394795169,-1.2633287979419947
5,0.0,-111133.30875602379,0.0,0.0,51086.82955774161,41347.0,28676.41112594441,-1.153814375194088
6,0.0,-111571.6327961768,0.0,0.0,50541.453046797724,42284.0,28789.98579096989,-1.5115129578352935
7,0.0,-112482.00707592929,0.0,0.0,50447.449300276654,43120.0,29024.312226146467,-2.1912309640142666
8,0.0,-113481.51550545382,0.0,0.0,50440.84324682129,43932.0,29282.779498798674,-1.5445499720981388
9,0.0,-114778.1847826561,0.0,0.0,50705.39570894409,44696.0,29616.134781200257,-2.416403279177757
10,0.0,-116236.51775560957,0.0,0.0,51102.053581112195,45444.0,29993.161777280584,-1.5060461402217697
11,0.0,-117431.26504543514,0.0,0.0,51251.32508641378,46244.0,30301.705321591075,-0.5156984800009923
12,0.0,-118602.87500613331,0.0,0.0,51345.46711870786,47084.0,30603.93360670229,-1.2850804659474306
13,0.0,-119781.66065147621,0.0,0.0,51431.72354448739,47935.0,30908.459903138097,-0.9519009866371562
14,0.0,-120725.94848930917,0.0,0.0,51279.12223634284,48852.0,31151.552866759615,-1.2412363868011198
15,0.0,-121771.94847326641,0.0,0.0,51204.42273668912,49765.0,31421.87214914237,-1.574884852035666
16,0.0,-123159.09743425925,0.0,0.0,51466.95665062201,50984.0,31778.622767660832,-391.6058289767766
17,0.0,-124342.16271721899,0.0,0.0,51540.63772018556,51457.0,32084.948151079523,-0.6453912687188677
18,0.0,-125625.42508256834,0.0,0.0,51756.56537074135,52255.0,32415.323183481793,-1.2059250053061987
19,0.0,-126778.87891811074,0.0,0.0,51898.54540206195,53029.0,32713.132647472827,-1.2096789193033146
20,0.0,-127771.74417972466,0.0,0.0,51979.9576622462,53744.0,32969.52587262302,-1.1934827788031726
21,0.0,-128769.70457439582,0.0,0.0,52156.49398526924,54367.0,33227.52673620926,-1.0176872012530112
22,0.0,-129647.87405233106,0.0,0.0,52324.96928064117,54910.0,33453.96251401607,-1.280539311217126
23,0.0,-130474.40828295963,0.0,0.0,52589.34947032378,55318.0,33667.00584123465,-0.8640709026944933
24,0.0,-131134.79751207773,0.0,0.0,52641.813474213675,55816.0,33836.97886758773,-1.5662746281946056
25,0.0,-131453.86616658617,0.0,0.0,52294.21981202279,56459.0,33919.455914429134,-1.1731959257440394
26,0.0,-131597.12809893867,0.0,0.0,51805.62899248036,57111.0,33957.4670749133,-0.9488163411519963
27,0.0,-131983.34208238282,0.0,0.0,51605.670358633455,57657.0,34055.955025608404,-2.155639834055819
28,0.0,-132384.62797168514,0.0,0.0,51537.5850608708,58079.0,34159.200575863135,-1.1997956908867309
29,0.0,-132742.6258444433,0.0,0.0,51471.81089670937,58468.0,34251.708994506305,-2.3580604976650648
30,0.0,-133198.9224316384,0.0,0.0,51559.06975782047,58773.0,34370.09713201951,-1.107346052673165
31,0.0,-133689.86655128954,0.0,0.0,51777.99547486105,58974.0,34496.67269040112,-1.2520213873322064
32,0.0,-134551.65793291377,0.0,0.0,52349.93955492665,59096.0,34719.48018975654,-0.8792847117651945
33,0.0,-134933.45169725848,0.0,0.0,52495.172001503386,59292.0,34817.35472243208,-2.0200989288368874
34,0.0,-135503.1929169916,0.0,0.0,52810.941309764996,59454.0,34964.619891911934,-1.1633050919135712
35,0.0,-136018.48077174294,0.0,0.0,53081.06565003192,59622.0,35097.68108233914,-0.8544686727286717
36,0.0,-136323.8318825716,0.0,0.0,53107.84517163428,59877.0,35177.23511942281,-0.628316205622923
37,0.0,-137141.23550032903,0.0,0.0,53599.5131705027,60050.0,35387.052032534666,-1.359093005397881
38,0.0,-137727.93329468698,0.0,0.0,53837.67467605032,60303.0,35539.08539832279,-1.2611897442543523
39,0.0,-138470.53491868734,0.0,0.0,54305.887185363004,60442.0,35730.6113091724,-0.840342917554608
40,0.0,-138936.14694206323,0.0,0.0,54558.702582775026,60594.0,35849.79815167706,-2.611819341739192
41,0.0,-139795.78759413701,0.0,0.0,55182.71942961648,60662.0,36072.1018385303,-0.5645342264274404
42,0.0,-140166.94585444487,0.0,0.0,55407.32612386217,60770.0,36167.733751847656,-0.9838912171435368
43,0.0,-141248.9872023193,0.0,0.0,56434.81186923619,60602.0,36447.06845756092,-0.828249698264699
44,0.0,-141714.56545575723,0.0,0.0,56565.40278604177,60874.0,36567.8987501706,-0.8261634439841146
45,0.0,-142612.97864954095,0.0,0.0,57087.56716219934,61078.0,36799.1494304851,-1.8997947286970884
46,0.0,-143716.86361558054,0.0,0.0,57774.63410386225,61268.0,37083.97625859744,-1.2542984867061477
47,0.0,-143820.9039592346,0.0,0.0,57383.96866580938,61796.0,37110.31500399705,-1.8771450844346873
48,0.0,-144437.89011735455,0.0,0.0,57536.831476053696,62157.0,37270.76569561146,-1.2016980021492145
49,0.0,-145414.90455751985,0.0,0.0,58049.09021641592,62428.0,37521.73772997108,-1.3898804269624634
50,0.0,-146022.0503269565,0.0,0.0,58133.12332253986,62843.0,37678.09802331498,-1.6951900438391476
51,0.0,-146935.26962583428,0.0,0.0,58641.25092804902,63069.0,37913.9640213606,-1.6708495354787374
52,0.0,-148408.6485702021,0.0,0.0,59594.52027241831,63524.0,38293.79078237078,-259.6734935625359
53,0.0,-149298.14817807372,0.0,0.0,60035.34866002937,63541.0,38524.305111683876,-1.1367966677080403
54,0.0,-150222.29396078872,0.0,0.0,60460.80544159101,63860.0,38762.554271842724,-1.9825308691029022
55,0.0,-151303.20109345292,0.0,0.0,61084.09673433105,64241.0,39041.229996384114,-146.8928295973585
56,0.0,-151676.14731240753,0.0,0.0,60971.93199165368,64761.0,39138.56855893274,-236.6434976382318
57,0.0,-153233.5240104582,0.0,0.0,62049.361520363964,64660.0,39540.334329724545,-0.46147510108085044
58,0.0,-153853.485514512,0.0,0.0,62084.59290200151,65220.0,39700.16190778318,-121.87824321549738
59,0.0,-155207.27649340694,0.0,0.0,62741.42456721468,65443.0,40048.95462391246,-161.26290799151434
60,0.0,-156655.14772304185,0.0,0.0,63669.07285206769,65489.0,40422.08020329761,-0.8443567819126656
61,0.0,-157734.74013396076,0.0,0.0,64130.42521822988,65890.0,40700.36505195555,-1.3663573570684093
62,0.0,-158650.63261357747,0.0,0.0,64412.054964525465,66136.0,40937.37030790018,-1.0598360370145201
63,0.0,-159832.31017265277,0.0,0.0,65316.04428486823,66156.0,41243.44689139679,-0.7754447601823813
64,0.0,-161442.92783324516,0.0,0.0,66359.03194332495,66357.0,41658.06918952914,-1.6746026367736704
65,0.0,-162039.96275412885,0.0,0.0,66059.53608462987,66968.0,41811.3258271354,-1.7523432207026417
66,0.0,-163392.8254176935,0.0,0.0,66143.16655567373,67456.0,42161.81321691224,-0.9662937985540339
67,0.0,-165068.81861417106,0.0,0.0,67116.90870999325,67786.0,42593.350651602115,-1.3292490190165154
68,0.0,-167414.41995662544,0.0,0.0,68503.71262547161,68202.0,43198.329035009105,-1.206910222370425
69,0.0,-168562.36963339814,0.0,0.0,68611.62308037434,68870.0,43494.40989682975,-1.841219319344873
70,0.0,-169694.31061556385,0.0,0.0,68578.97881413186,69352.0,43786.05391350804,-2.122279761149912
71,0.0,-170585.2726307736,0.0,0.0,68284.0813360043,70101.0,44017.09950274389,-0.43923355216975324
72,0.0,-171848.33450276474,0.0,0.0,68350.29716627205,70783.0,44342.49682307372,-0.5498723624627928
73,0.0,-173424.67193369137,0.0,0.0,68682.3446195283,71446.0,44750.188356790095,-0.6655723427529665
74,0.0,-175246.91580135823,0.0,0.0,69499.12337481407,72043.0,45219.16820677433,-2.302342376100569
75,0.0,-176351.08121136617,0.0,0.0,69301.20362429359,72784.0,45504.56862436998,-1.4191051709876774
76,0.0,-178086.19432099906,0.0,0.0,69873.17975342472,73316.0,45951.29645597974,-1.8031605900137038
77,0.0,-179729.22688454267,0.0,0.0,70582.46507339703,73880.0,46375.578119191356,-1.474150688829468
78,0.0,-181022.8469135423,0.0,0.0,70633.06827205358,74635.0,46709.66105117464,-0.6653771020314707
79,0.0,-182999.85892834704,0.0,0.0,71865.3835587336,74921.0,47219.43479307552,-0.5982299327233704
80,0.0,-184766.11401981587,0.0,0.0,72807.26925023764,75342.0,47675.9389168161,-0.8528455371474593
81,0.0,-186710.3892619936,0.0,0.0,73739.72848342884,75908.0,48176.741423208296,-1.2352945629468195
82,0.0,-187588.64670156367,0.0,0.0,73241.97023542064,76480.0,48403.685296258715,-1.1482776016755452
83,0.0,-189009.63332688215,0.0,0.0,74211.00672351834,76619.0,48770.207080651824,-1.7250113512277494
84,0.0,-188921.5346378271,0.0,0.0,72902.39115373393,77540.0,48748.10363777743,-1.705896251889044
85,0.0,-190715.89522605244,0.0,0.0,73887.66920602236,77934.0,49211.274420317684,-1.2289752815099746
86,0.0,-192504.6656913296,0.0,0.0,74690.86958830974,78510.0,49671.91936369442,-1.4074170200251501
87,0.0,-194503.93421695515,0.0,0.0,75869.30287351881,78866.0,50188.17758033454,-2.027710563043456
88,0.0,-197150.12798526167,0.0,0.0,77700.62446164545,79051.0,50870.0266674515,-1.6292140039181504
89,0.0,-198045.10824520353,0.0,0.0,77517.85648951071,79614.0,51102.815270509935,-0.8018388991436041
90,0.0,-198864.0792893567,0.0,0.0,77353.19007531562,80077.0,51314.22029408073,-0.9707427613234358
91,0.0,-200461.0405248447,0.0,0.0,78382.40871543853,80287.0,51725.06961291491,-0.6847637066898642
92,0.0,-201666.84669773528,0.0,0.0,78843.20882784655,80744.0,52036.68242194694,-0.7735054279492033
93,0.0,-203817.68983346858,0.0,0.0,79911.24648831642,81003.0,52591.0621196787,-1.6311598704874086
94,0.0,-205867.07063670352,0.0,0.0,81607.37756736316,81427.0,53120.139131425574,-551.1980911664391
95,0.0,-207398.997785242,0.0,0.0,82757.33719933698,82248.0,53515.89841156982,-1338.7206513101187
96,0.0,-208445.743496262,0.0,0.0,83385.70673569912,81100.0,53786.49466412539,-0.834585341136517
97,0.0,-209139.4012316798,0.0,0.0,83770.58435229196,81285.0,53965.122603403724,-0.6263813164869134
98,0.0,-210682.38512372097,0.0,0.0,84759.42531424828,81258.0,54362.32235375695,-0.839991809145431
99,0.0,-210468.66562559208,0.0,0.0,83928.86416560928,81594.0,54307.48867021125,-0.9921151977450791
100,0.0,-211044.35368046875,0.0,0.0,83145.33601695405,82192.0,54456.81273793266,-0.7983420247619506
101,0.0,-213878.77622465257,0.0,0.0,85236.49521340952,82262.0,55187.325098257046,-1.152038085841923
102,0.0,-216465.1062665543,0.0,0.0,86933.44347257639,82540.0,55854.53936401872,-1.6800465987093958
103,0.0,-217991.4666748142,0.0,0.0,87663.49156491934,82538.0,56248.208151034734,-1.6483368397462073
104,0.0,-219615.797052706,0.0,0.0,88943.72781948907,82518.0,56667.82551247473,-1.2491445081864185
105,0.0,-220632.26660247557,0.0,0.0,89171.38085249672,82687.0,56929.701343753906,-1.4390393818339362
106,0.0,-222968.23786494575,0.0,0.0,90425.76862917938,82779.0,57532.601024517084,-1.5622832314284096
107,0.0,-224938.52869896012,0.0,0.0,91673.68778663359,83046.0,58041.21692249144,-1.0684744976169895
108,0.0,-227352.40873204768,0.0,0.0,93428.2552807238,83508.0,58663.73106285081,-370.1747303589218
109,0.0,-229421.83578151627,0.0,0.0,94580.58929295593,84842.0,59197.73365945068,-1656.3431366385062
110,0.0,-232152.89116529375,0.0,0.0,96856.0623884077,83376.0,59901.59076867309,-415.90186936777445
111,0.0,-235569.96254914862,0.0,0.0,99672.4195833493,83611.0,60783.95473782972,-884.2114373418108
112,0.0,-236292.2481522352,0.0,0.0,99110.25131286304,84131.0,60971.08363125019,-426.64989569372347
113,0.0,-236089.7141126481,0.0,0.0,98037.3133202062,86453.0,60918.56721575023,-1720.0477900304995
114,0.0,-238018.2614392047,0.0,0.0,99008.72056486896,84932.0,61416.101579690076,-0.8415395997417363
115,0.0,-240250.37417468286,0.0,0.0,100376.67062315675,85264.0,61992.04344740107,-1.7454670212473502
116,0.0,-241192.8719746014,0.0,0.0,99431.18898855537,86555.0,62234.63052145163,-171.48839694455046
117,0.0,-243983.4491908828,0.0,0.0,101271.35422863078,89605.0,62955.15125505303,-2950.201196670843
118,0.0,-246376.69826277538,0.0,0.0,102764.68166706704,90467.0,63572.24808979072,-3485.215883714367
119,0.0,-248508.06001476545,0.0,0.0,103914.764587154,87364.0,64122.650032752485,-0.959370195446354
120,0.0,-248604.89889447388,0.0,0.0,101307.79705238146,88718.0,64148.21963448832,-0.8060534259748238
121,0.0,-251173.00774365634,0.0,0.0,102870.39198034848,89060.0,64810.42132443995,-0.7788177749680472
122,0.0,-252511.54448121722,0.0,0.0,102327.32964352505,90232.0,65154.88296989772,-1.6813568817037776
123,0.0,-256283.08625190012,0.0,0.0,104734.50178412495,91076.0,66129.68513252352,-456.13621742419446
124,0.0,-259845.40817136352,0.0,0.0,107384.40694616557,90652.0,67047.86738340896,-0.8492799816367551
125,0.0,-262747.97763512173,0.0,0.0,109459.57487759266,91974.0,67797.04835780393,-1205.3939211506517
126,0.0,-264516.66307794175,0.0,0.0,110078.75637762227,93265.0,68253.44531899909,-2063.666295565184
127,0.0,-263663.25095892284,0.0,0.0,108551.14923147135,93124.0,68033.60194256698,-589.0024565944213
128,0.0,-265384.0162985874,0.0,0.0,109322.31211937843,93092.0,68477.31563499861,-28.1203357321574
129,0.0,-267672.0473997083,0.0,0.0,110597.82925446366,94482.0,69066.88211084159,-977.6679399848185
130,0.0,-269918.1954896209,0.0,0.0,111568.16563174904,96359.0,69647.36478676312,-2146.73300375246
131,0.0,-272047.8983519527,0.0,0.0,111904.10847891164,98268.0,70195.89575516547,-3174.278764905827
132,0.0,-273813.4477490973,0.0,0.0,112199.64312544775,99074.0,70651.59506988167,-3009.3276274444343
133,0.0,-275419.3531680584,0.0,0.0,112113.76532926936,99648.0,71066.61721047692,-2470.978510668041
134,0.0,-273880.24704821035,0.0,0.0,108937.42134491715,99064.0,70670.09151214044,-446.4668717286204
135,0.0,-274452.8699059457,0.0,0.0,107648.65253221472,99642.0,70816.41681996112,-1.5939348668161983
136,0.0,-272727.22577223927,0.0,0.0,103729.33152571286,101963.0,70371.7113752861,-1.6688922763464689
137,0.0,-273949.23649383045,0.0,0.0,103324.27402731957,103357.0,70686.90190979216,-1.8638467906903315
138,0.0,-275957.9491263684,0.0,0.0,104029.86289701646,104717.0,71205.94294474443,-1.0208683328073676
139,0.0,-278244.50999339775,0.0,0.0,104825.1672124419,106082.0,71795.71438534073,-1.1693030583219297
140,0.0,-279328.69941986277,0.0,0.0,103881.01135547922,107769.0,72075.4767333607,-356.6205923442417
141,0.0,-280898.9065367084,0.0,0.0,104039.05957669936,108374.0,72481.10650111322,-0.8658276539308645
142,0.0,-280920.2990027828,0.0,0.0,102349.37386111125,109593.0,72485.87936351079,-1.6271721173366132
143,0.0,-282977.506255723,0.0,0.0,103345.39422169879,110088.0,73016.92903150267,-0.9460529374518956
144,0.0,-284748.7011600636,0.0,0.0,104000.05992686098,110712.0,73473.53321150513,-1.909340429861004
145,0.0,-287110.84928657074,0.0,0.0,106134.67274460269,113847.0,74083.16450399281,-3019.5942761456618
146,0.0,-288292.2199100759,0.0,0.0,106665.94820819417,113245.0,74388.65989808543,-2103.1948295947554
147,0.0,-288340.17300091684,0.0,0.0,106108.69975331011,114320.0,74400.0378902985,-2722.535006814561
148,0.0,-286574.8650167097,0.0,0.0,104932.17254337341,114801.0,73945.24986497048,-2181.902165620926
149,0.0,-287269.95453646284,0.0,0.0,105127.97519373824,113956.0,74126.1129665681,-1046.617717016372
150,0.0,-288715.6919072048,0.0,0.0,105983.26522244379,114322.0,74498.2406304677,-732.4917844592055
151,0.0,-290323.8096058306,0.0,0.0,106321.53104612298,114373.0,74913.26848252937,-0.4565405137509515
152,0.0,-291283.42369454744,0.0,0.0,106257.56038593137,115181.0,75159.75447880296,-1.7420224012421386
153,0.0,-293347.94947552023,0.0,0.0,107026.7198665585,117471.0,75692.58298971693,-1531.6432128053866
154,0.0,-292639.9264168468,0.0,0.0,106224.1996291583,116983.0,75510.26407531736,-311.66781522597284
155,0.0,-293419.26510548097,0.0,0.0,106342.45218685886,117085.0,75711.48982476623,-0.9089706395961912
156,0.0,-291985.00668288005,0.0,0.0,103377.75187315053,118887.0,75341.8061373362,-0.5286312421412731
157,0.0,-294038.00676292274,0.0,0.0,104061.76745179622,119716.0,75869.975351778,-1.0871195351182905
158,0.0,-295590.0515467442,0.0,0.0,104087.70539155713,120707.0,76270.68856510315,-1.1919587803849936
159,0.0,-297563.18031352386,0.0,0.0,104656.7390755165,121562.0,76780.02799867278,-1.4562133607023497
160,0.0,-297354.3010657419,0.0,0.0,103101.08884636598,122874.0,76726.52588122856,-1.1068496475736538
161,0.0,-298496.0746040763,0.0,0.0,102669.33368830978,123903.0,77020.2887203321,-1.6858474949567608
162,0.0,-300554.27558163565,0.0,0.0,103115.27944641392,124962.0,77551.84432790967,-2.1899246900238722
163,0.0,-302580.3721662216,0.0,0.0,103435.01316660683,126173.0,78075.68982719939,-0.8812173825035643
164,0.0,-305087.5374657683,0.0,0.0,104503.43438134278,126935.0,78721.45829093564,-1.520527631747882
165,0.0,-306072.2009638843,0.0,0.0,104297.52263485017,127722.0,78975.14634320271,-1.7535034973625443
166,0.0,-307868.8248342365,0.0,0.0,105171.66392105534,128138.0,79439.2797139899,-0.5156606335567631
167,0.0,-309473.63063592376,0.0,0.0,105878.0465212774,128478.0,79853.29494289953,-2.2426214083388913
168,0.0,-309804.3999726882,0.0,0.0,105852.41618373604,129384.0,79939.00818695789,-1.4347849404630324
169,0.0,-311033.1849612707,0.0,0.0,106078.2331614417,130033.0,80257.03844601521,-1.08689505789971
170,0.0,-313251.79924485326,0.0,0.0,106934.4133960252,130762.0,80828.19686949726,-0.8709822608625473
171,0.0,-315694.89272844035,0.0,0.0,107602.2977349294,131849.0,81458.75968489154,-1.0717399014465627
172,0.0,-317374.53832431627,0.0,0.0,108016.99709170793,134694.0,81892.34129769492,-1805.0294702466217
173,0.0,-318108.74945226137,0.0,0.0,107780.049650742,136712.0,82080.94710716575,-2258.2436270910694
174,0.0,-319190.76093798125,0.0,0.0,107707.61061875618,138664.0,82360.85394452498,-3525.69034302551
175,0.0,-319596.92346592667,0.0,0.0,106629.38348088965,137382.0,82465.29019379697,-957.1032397621348
176,0.0,-320955.70204470155,0.0,0.0,106006.25085622082,137957.0,82816.91357315399,-0.9787481426637896
177,0.0,-322455.14436303294,0.0,0.0,105812.99453614434,140812.0,83202.16072130753,-1388.9427827185937
178,0.0,-323505.1952999304,0.0,0.0,105786.2659338037,141751.0,83473.7667302368,-1049.3638109083386
179,0.0,-326605.917225039,0.0,0.0,107407.52179381167,142521.0,84274.01794162238,-1262.7231492460241
180,0.0,-327407.7590076722,0.0,0.0,106902.79855912758,142227.0,84480.69806296795,-2.089328076037418
181,0.0,-329294.2187080395,0.0,0.0,107303.02128042224,145320.0,84967.97601591886,-2289.2851582766853
182,0.0,-331071.3576791561,0.0,0.0,107489.7094833377,148183.0,85426.03108575783,-4155.159403432213
183,0.0,-333079.74242200464,0.0,0.0,108173.75238200094,148452.0,85944.3674966464,-3554.199957183414
184,0.0,-335114.6079082796,0.0,0.0,109066.00061098268,148863.0,86469.18044015557,-3490.446733047186
185,0.0,-336554.60243889876,0.0,0.0,110018.40633718597,150063.0,86840.86456175383,-4296.477743620643
186,0.0,-338632.30704084947,0.0,0.0,111613.96014096339,148113.0,87377.39473367382,-2547.5131604206035
187,0.0,-339365.14750986657,0.0,0.0,113142.4276010927,149188.0,87566.31536416509,-3290.2476987282935
188,0.0,-340243.19133312145,0.0,0.0,113325.46532912787,146654.0,87792.53578876024,-1.9564486292001675
189,0.0,-342207.74913857307,0.0,0.0,114368.17716135868,146818.0,88299.85761368371,-0.932024177308449
190,0.0,-343844.1378543194,0.0,0.0,114912.03662971922,147340.0,88721.4768407519,-1.1004699097302364
191,0.0,-347002.9842098413,0.0,0.0,116850.24036455688,147593.0,89536.63585979021,-1.6178117895469768
192,0.0,-347087.9604454076,0.0,0.0,116961.4727616249,148550.0,89559.8317494775,-1.4526115796925296
193,0.0,-349812.96831149806,0.0,0.0,118498.97034213423,149272.0,90261.54701699095,-1.5865131243836004
194,0.0,-351041.63422383176,0.0,0.0,118775.93342232598,149768.0,90580.25578632757,-0.8482317342140959
195,0.0,-352531.9807068509,0.0,0.0,119055.70995006936,150474.0,90963.44225793044,-1.8950757034190246
196,0.0,-355378.2346278001,0.0,0.0,120371.70197898825,151144.0,91697.43348839323,-1.550827662043048
197,0.0,-356870.6700510825,0.0,0.0,120175.00951036852,152316.0,92083.27007025619,-1.9087693886694979
198,0.0,-360185.49673981377,0.0,0.0,122222.92323128166,152604.0,92937.93534434456,-1.6267345709979963
199,0.0,-363799.02834303514,0.0,0.0,124554.85770811845,152823.0,93871.6118811135,-1.0685222568936297
200,0.0,-365619.2775159122,0.0,0.0,125302.02581651538,153630.0,94340.68361823588,-1.9518592206409267
201,0.0,-368809.2609903399,0.0,0.0,127942.18030335347,153843.0,95163.82837075062,-0.6911185614126225
202,0.0,-371636.2944324397,0.0,0.0,129373.87216214577,154394.0,95892.54299998852,-0.9741439444442221
203,0.0,-374889.24635013734,0.0,0.0,131290.89245453078,154731.0,96732.24645772338,-1.6939517924902248
204,0.0,-377244.2429305402,0.0,0.0,132594.25387669945,155040.0,97339.4247817308,-1.4812099705036417
205,0.0,-380814.10910813086,0.0,0.0,135156.66652500269,155018.0,98261.12853649707,-2.1158622374505285
206,0.0,-381437.05503736914,0.0,0.0,136680.79430812667,155098.0,98422.8504818661,-0.7154275309721925
207,0.0,-383992.4760777122,0.0,0.0,138241.55749735958,155332.0,99080.77530944653,-2.2148882198362116
208,0.0,-386394.17538297945,0.0,0.0,139657.65480557017,155608.0,99700.5846717505,-1.9294595593246413
209,0.0,-387493.4028814886,0.0,0.0,139713.1380874502,156212.0,99984.68467161414,-1.640374151334072
210,0.0,-389837.7393017476,0.0,0.0,140976.39289830893,156559.0,100589.13865921364,-2.0585463455845456
211,0.0,-394139.31299688335,0.0,0.0,144036.24845782164,156557.0,101699.1445455004,-1.941442821695091
212,0.0,-396224.5068426574,0.0,0.0,144705.7003314032,157268.0,102237.53730224239,-1.844160964205912
213,0.0,-399627.7939437657,0.0,0.0,146342.37154212102,158777.0,103116.02665994686,-573.9139465853727
214,0.0,-402550.54183528473,0.0,0.0,148086.3428016316,158488.0,103869.71487097946,-1.3916150991808536
215,0.0,-404391.85645264544,0.0,0.0,148311.861595553,159483.0,104344.38086546025,-1.9438286912536569
216,0.0,-405981.2334014412,0.0,0.0,148195.51305428994,160898.0,104755.28992584166,-1.1818501197585647
217,0.0,-406791.17883781355,0.0,0.0,147928.77443032732,162798.0,104964.44875994317,-0.4870654729693342
218,0.0,-410241.378908709,0.0,0.0,149433.78830549176,163713.0,105853.96128998397,-2.252118093376339
219,0.0,-412712.94444609625,0.0,0.0,150632.1370844875,164945.0,106492.0891787446,-303.81347680884846
220,0.0,-416186.9805705956,0.0,0.0,152039.745139917,165649.0,107388.48174096343,-0.9255727465260861
221,0.0,-419064.7622538124,0.0,0.0,152869.92373707375,168443.0,108130.48543765084,-1650.2304722226008
222,0.0,-423937.19970859686,0.0,0.0,155563.62479357212,171180.0,109387.12897207259,-3618.0520010528026
223,0.0,-427744.25199648703,0.0,0.0,157758.97243258552,172757.0,110370.40254000417,-4740.6354258182055
224,0.0,-430700.67562963563,0.0,0.0,159012.17079095036,175604.0,111133.33333418239,-6829.813182510121
225,0.0,-432971.9076167033,0.0,0.0,160261.66849578064,176465.0,111718.89839954364,-6629.807271636635
226,0.0,-436058.53439310903,0.0,0.0,162132.96191823672,175953.0,112515.32015571541,-5849.024248120543
227,0.0,-440461.4042621505,0.0,0.0,165199.45936513785,176015.0,113651.19665708856,-5858.706873119106
228,0.0,-443038.9663956449,0.0,0.0,167260.06147406236,175356.0,114316.83431284447,-4807.90780562643
229,0.0,-445770.03218848904,0.0,0.0,169125.50624695385,175257.0,115021.41318450944,-4168.314843530718
230,0.0,-448960.07397408405,0.0,0.0,170708.66795382972,171685.0,115844.42793166602,-1.7270103613523133
231,0.0,-453132.9030532888,0.0,0.0,173169.22613869878,172161.0,116921.63836213698,-0.8432202943185985
232,0.0,-455480.99835039105,0.0,0.0,174073.47479726156,172819.0,117527.12740950371,-1.308946869022293
233,0.0,-458843.37609210605,0.0,0.0,175262.66347247575,173964.0,118394.65306787624,-2.0649214984341597
234,0.0,-460058.6252064162,0.0,0.0,176433.6620800642,175513.0,118707.95105993153,-224.60054755836245
235,0.0,-462137.84744111134,0.0,0.0,177563.8019740835,178559.0,119245.8577456452,-1869.0157463041687
236,0.0,-465048.07250628766,0.0,0.0,177862.93884959657,182273.0,119995.51917773741,-3738.8692562736624
237,0.0,-467104.2999307004,0.0,0.0,177302.7700121342,183537.0,120526.92256309101,-3167.4083128674783
238,0.0,-471071.13040736783,0.0,0.0,179113.12097599375,182402.0,121550.10840385032,-1101.2267758044136
239,0.0,-473667.061722619,0.0,0.0,180814.49338692572,182079.0,122219.53016822011,-2.0328754464781014
240,0.0,-477692.99047366664,0.0,0.0,182330.16228993688,183325.0,123258.29027823034,-1.7466343729920482
241,0.0,-481034.4658845452,0.0,0.0,184258.5447731075,184596.0,124120.78259065175,-1.786819449513132
242,0.0,-483314.0080068752,0.0,0.0,184713.78879569707,186686.0,124710.35194180979,-0.41279084269262967
243,0.0,-486442.2043887259,0.0,0.0,185740.2870763049,189210.0,125515.98067257594,-1474.061541022469
244,0.0,-489667.7122288892,0.0,0.0,186675.43864406899,189019.0,126348.03485716617,-66.31597189195963
245,0.0,-494566.53732798726,0.0,0.0,189099.60459688885,192283.0,127612.44675479233,-2318.20888909562
246,0.0,-497470.8129191094,0.0,0.0,190426.559090278,190558.0,128361.72964344911,-1.4331465251925692
247,0.0,-502301.305228216,0.0,0.0,193707.7053220632,190644.0,129607.82990387549,-0.634156060672467
248,0.0,-503389.01136627793,0.0,0.0,193819.46601926466,191987.0,129889.689441163,-1.0047741851594765
249,0.0,-506846.82153100776,0.0,0.0,195383.2996477674,192812.0,130781.08949354333,-1.10279018962774
250,0.0,-509838.22101857787,0.0,0.0,196555.9903084778,193592.0,131553.7297346251,-1.2140407158967719
251,0.0,-514685.6576759012,0.0,0.0,199452.88431551814,194017.0,132804.41458914173,-0.5957181137800944
252,0.0,-518226.07437732484,0.0,0.0,201029.5816717776,194812.0,133716.86142988357,-0.8628104251201876
253,0.0,-521380.42861935607,0.0,0.0,201618.11515711775,196355.0,134531.39959811157,-1.0971783415170648
254,0.0,-525210.517258914,0.0,0.0,203539.84253190664,197075.0,135518.73034409425,-2.1913680273282807
255,0.0,-526323.0112046663,0.0,0.0,202241.03118295447,198938.0,135808.15184217086,-0.4174047439282731
256,0.0,-530789.6102878893,0.0,0.0,204105.87192876602,200154.0,136958.80717967878,-1.8581714226090753
257,0.0,-529252.8527457465,0.0,0.0,201476.97494178882,203330.0,136562.3589694921,-1.024190106036258
258,0.0,-535529.5848899641,0.0,0.0,205314.64571933093,203893.0,138181.71298117063,-1.063032110533868
259,0.0,-539560.3971368348,0.0,0.0,208157.03678992353,205151.0,139222.4627072005,-0.4522128206981506
260,0.0,-540198.3284857306,0.0,0.0,205919.34277354745,207530.0,139386.73701370787,-1.3136687593141687
261,0.0,-544102.2330716334,0.0,0.0,207383.98070455372,208650.0,140393.43915547052,-2.7259157119228803
262,0.0,-548962.9860344764,0.0,0.0,209461.2702759771,210355.0,141648.6655333143,-0.6146129626049515
263,0.0,-552987.3395916792,0.0,0.0,211363.442949356,211027.0,142686.63511655433,-1.3367848060970573
264,0.0,-555837.6982214807,0.0,0.0,211665.15242679193,212462.0,143422.05071512182,-0.8643356460033829
265,0.0,-561027.8352406466,0.0,0.0,213475.9473242202,215854.0,144760.74823463176,-1768.8949887850963
266,0.0,-562682.0171745426,0.0,0.0,214510.97070432684,219927.0,145187.6831609863,-4456.417238982709
267,0.0,-567460.7352019383,0.0,0.0,217132.49533944792,215930.0,146421.64199366546,-0.404602689704916
268,0.0,-570588.9622353018,0.0,0.0,217984.5933662217,218114.0,147228.22849432763,-848.9514711088632
269,0.0,-574937.9317781762,0.0,0.0,219415.16596031794,219580.0,148350.25224361985,-942.8397933158776
270,0.0,-576075.7588265367,0.0,0.0,217460.43682157382,220936.0,148643.40048156254,-1.7252974855559842
271,0.0,-579206.7532298906,0.0,0.0,220141.49016029877,223541.0,149451.47179746497,-1130.3229076320495
272,0.0,-581054.596074957,0.0,0.0,221662.15451426365,223850.0,149928.1920622348,-0.8193494984225254
273,0.0,-586208.0360097927,0.0,0.0,223845.61030690614,225765.0,151257.6781037851,-1.4161548792976646
274,0.0,-591236.9998083515,0.0,0.0,225525.46320464404,227393.0,152556.75134046513,-0.5986949611269665
275,0.0,-595945.0727291714,0.0,0.0,227793.77162638173,228848.0,153771.1507950835,-0.9724762950481818
276,0.0,-599489.8058510772,0.0,0.0,228042.16554159607,230801.0,154685.49183647605,-1.0793492454577063
277,0.0,-601065.9403402088,0.0,0.0,227329.8126276539,234587.0,155091.37167419613,-911.398972499459
278,0.0,-607042.2485975869,0.0,0.0,230213.3056352071,236476.0,156634.40868594122,-1691.8942096281744
279,0.0,-609466.1775858466,0.0,0.0,230426.17012359298,239545.0,157259.08005865564,-2347.1784404415102
280,0.0,-613721.5758652679,0.0,0.0,231511.9962135626,238698.0,158356.95218489395,-0.9751058728925273
281,0.0,-617420.5115409944,0.0,0.0,232102.15505031537,240389.0,159311.9844943266,-0.9257188706842499
282,0.0,-622052.2416207375,0.0,0.0,234067.75663543644,242118.0,160507.75030406282,-0.6837451333958597
283,0.0,-627416.9218553186,0.0,0.0,237538.84489245445,243624.0,161890.41446613937,-1492.155012272966
284,0.0,-628322.4145290941,0.0,0.0,236075.33568684204,246800.0,162125.33570099907,-3219.6881787503553
285,0.0,-634012.1226617667,0.0,0.0,237848.121077076,248759.0,163593.21542906412,-3265.9855718652652
286,0.0,-637558.397508088,0.0,0.0,238473.49571941776,246880.0,164507.9362289579,-1.191856540626759
287,0.0,-644529.0203684524,0.0,0.0,242332.2792017956,247617.0,166306.95948485713,-1.5319191507132928
288,0.0,-645240.7590458357,0.0,0.0,242258.26056243025,253339.0,166490.26255601685,-4475.859799435763
289,0.0,-649659.9858156602,0.0,0.0,244560.76049437484,249158.0,167629.833683258,-1.9420237604426802
290,0.0,-653667.7881213651,0.0,0.0,245537.35524428036,254777.0,168664.74156422785,-4388.210789379866
291,0.0,-658591.804316729,0.0,0.0,247834.50150043314,256008.0,169935.38502077785,-4926.883436258378
292,0.0,-661420.6832213311,0.0,0.0,248264.48269374555,259660.0,170664.86158482856,-7581.353800920544
293,0.0,-666210.3480035559,0.0,0.0,251492.23258633268,263253.0,171900.90032487476,-8449.32032079976
294,0.0,-671714.1729807464,0.0,0.0,253566.66934925035,266828.0,173321.10749465285,-10736.41767302643
295,0.0,-673859.5691320137,0.0,0.0,252780.7468657786,269591.0,173874.37734894812,-11879.693090947452
296,0.0,-674541.7716511487,0.0,0.0,253928.36577462632,267662.0,174049.92422222832,-6881.0607298237155
297,0.0,-678715.9367053589,0.0,0.0,254961.07247140762,269449.0,175127.76220390806,-7359.877100262785
298,0.0,-683432.792798722,0.0,0.0,256164.33973275396,272241.0,176344.63609544988,-8688.798854447374
299,0.0,-686928.4338341055,0.0,0.0,256226.61568414373,279336.0,177247.9082769431,-14062.33316047038
300,0.0,-687164.3495700401,0.0,0.0,255815.44543363003,274689.0,177307.068372419,-7541.211494456731
301,0.0,-689761.3420501966,0.0,0.0,257018.0473717954,271517.0,177978.36726841517,-1303.7786833007303
302,0.0,-694669.7490559883,0.0,0.0,257417.4886523383,272635.0,179243.36810117247,-2.2262366039321932
303,0.0,-694949.6697240593,0.0,0.0,257512.6951088884,274421.0,179316.01174041297,-1.0823779262645985
304,0.0,-699079.6843184443,0.0,0.0,259527.3879585146,274675.0,180382.52812990366,-1.3078504081931897
305,0.0,-703823.4392677809,0.0,0.0,265495.8609326626,276473.0,181606.61124647324,-0.7744858134465176
306,0.0,-710197.3410897806,0.0,0.0,268498.11501671385,277439.0,183250.8284462557,-0.6683676823085989
307,0.0,-716609.0649515832,0.0,0.0,271597.17932028306,278297.0,184905.68146067488,-0.5181875483358453
308,0.0,-722297.6531311155,0.0,0.0,274615.75589424325,278598.0,186372.49216169186,-1.9586679096228181
309,0.0,-727211.828783914,0.0,0.0,276886.19878656336,279238.0,187640.63779032158,-1.3522403653096262
310,0.0,-732194.0952036767,0.0,0.0,278992.9869721984,280012.0,188927.20202430256,-1.3329238198057283
311,0.0,-739221.0606162734,0.0,0.0,283118.38682551007,280309.0,190739.93817970945,-0.7611525537176931
312,0.0,-741692.3848944576,0.0,0.0,282814.57617027115,281593.0,191378.48318754515,-0.8631291284509643
313,0.0,-749676.7641726574,0.0,0.0,286008.0757644454,283536.0,193437.39799955935,-1.8457132796847873
314,0.0,-754628.8965914364,0.0,0.0,287372.4367693493,285109.0,194714.54288394467,-1.3892260309985431
315,0.0,-756470.2091256486,0.0,0.0,285722.2463320643,287361.0,195190.68453874855,-1.7701674485451804
316,0.0,-762461.3245561769,0.0,0.0,287587.36394351977,289770.0,196735.95983862868,-1.6106026116722205
317,0.0,-766166.2746835273,0.0,0.0,288500.16559319966,290762.0,197692.59320429608,-2.202705920126391
318,0.0,-769465.4929148417,0.0,0.0,290221.4569612794,292294.0,198543.83332484926,-0.501861207667389
319,0.0,-770995.7249848961,0.0,0.0,291848.6412671365,294366.0,198938.0597219059,-0.9283693152756314
320,0.0,-774881.7923490633,0.0,0.0,292584.16749794205,295705.0,199940.92050778653,-1.0923242544013192
321,0.0,-781670.6224266299,0.0,0.0,294119.21592092124,298318.0,201692.48065029134,-0.4745597413075302
322,0.0,-787722.9318681062,0.0,0.0,297208.40857440094,300125.0,203254.58435140137,-1.3658126350092061
323,0.0,-793022.7357326506,0.0,0.0,299750.9678030285,301660.0,204621.8192504743,-0.6744375516282162
324,0.0,-798409.8463983859,0.0,0.0,302151.6636454459,302230.0,206012.14734670063,-0.9903987890975259
325,0.0,-803261.8136530301,0.0,0.0,303170.3538747868,304015.0,207264.48378263414,-0.3411496565058769
326,0.0,-805988.452734696,0.0,0.0,302770.7977180253,306684.0,207966.74368526298,-2.353818662943013
327,0.0,-812301.7452558423,0.0,0.0,306458.6282397696,306863.0,209596.64547054743,-1.401609539783749
328,0.0,-817545.6846066958,0.0,0.0,309900.77453004464,306880.0,210949.41526938335,-1.4695227351403446
329,0.0,-824801.7569557948,0.0,0.0,316301.6879489345,306186.0,212821.4290763687,-1.274584641745605
330,0.0,-828455.5680486088,0.0,0.0,318553.69416863227,307381.0,213764.27504260786,-1.3403157784086943
331,0.0,-831038.2827446177,0.0,0.0,320139.6224398075,308654.0,214431.0972196479,-1.3379493441934756
332,0.0,-831529.1330252332,0.0,0.0,319746.1240066594,311221.0,214556.97151088802,-2.057798519534117
333,0.0,-838098.4733717812,0.0,0.0,321552.3325595329,314518.0,216253.02743480718,-1072.8817980105232
334,0.0,-843551.6946526878,0.0,0.0,322844.44762835983,315304.0,217660.44611556717,-1.7707665104953776
335,0.0,-848668.6558319276,0.0,0.0,323090.9163079297,317997.0,218980.50993125423,-0.6158279832961853
336,0.0,-856154.1622434391,0.0,0.0,326798.06800763746,320275.0,220910.750595762,-1.8138425824108708
337,0.0,-857318.6391824111,0.0,0.0,324769.3682902762,322311.0,221211.87403641938,-1.314122438796403
338,0.0,-859244.4007390679,0.0,0.0,325409.6733606427,325199.0,221708.2390567019,-1.79483592404722
339,0.0,-864428.5738881652,0.0,0.0,330467.4876235384,326636.0,223045.80477287713,-2.2997051057864155
340,0.0,-872460.6386081678,0.0,0.0,334270.91625249234,327967.0,225119.16061375974,-1.2525248387064494
341,0.0,-878170.3546344922,0.0,0.0,335147.39709696535,330316.0,226592.62529434302,-0.8398469330641092
342,0.0,-882062.7299827512,0.0,0.0,336047.31584807823,333119.0,227596.32905064264,-1.279888638002376
343,0.0,-882442.5660947474,0.0,0.0,336303.182472957,336459.0,227694.6176340608,-1.4047383171782712
344,0.0,-885718.6196758989,0.0,0.0,335640.86069903924,338499.0,228539.217354897,-1.0218952078430448
345,0.0,-893653.8187197973,0.0,0.0,337949.38168801187,341244.0,230587.37147388406,-1.4826702055761416
346,0.0,-900938.4926773186,0.0,0.0,340582.75942724186,343151.0,232467.25169677043,-1.2100278581710882
347,0.0,-904996.0688237783,0.0,0.0,343839.17926657334,344216.0,233513.8273492574,-1.4189866131328017
348,0.0,-908393.5130168612,0.0,0.0,343459.57683948043,346092.0,234390.42563634756,-2.452122662345573
349,0.0,-913117.5847387273,0.0,0.0,344080.0066507751,348102.0,235609.12560700715,-1.74966254831088
350,0.0,-917769.825418058,0.0,0.0,344908.83062946476,349765.0,236810.3392759588,-1.328632357675815
351,0.0,-922850.098129502,0.0,0.0,345777.3001123226,351637.0,238120.71449586807,-1.9607353354731458
352,0.0,-923235.6851741961,0.0,0.0,345678.99239487457,354317.0,238220.82889816532,-1.0842119651024404
353,0.0,-926925.2061738463,0.0,0.0,345354.40292331757,358101.0,239172.7712536487,-0.7021601331398415
354,0.0,-928427.3422030814,0.0,0.0,347055.64416470175,361916.0,239560.4410626762,-0.8762899189532618
355,0.0,-933343.4919158891,0.0,0.0,346677.77323180344,364961.0,240828.74552362761,-1.6221115580210608
356,0.0,-937266.6012935324,0.0,0.0,345062.713399258,368580.0,241840.65480081824,-0.718414797080186
357,0.0,-939635.0796951073,0.0,0.0,342380.31550033495,372106.0,242451.73319117932,-0.3016322033927281
358,0.0,-937571.2583813206,0.0,0.0,338573.2057784445,376035.0,241919.26353369412,-1.2230904415482655
359,0.0,-943848.4266660193,0.0,0.0,342834.06773310417,377635.0,243538.94491308872,-1.6216304367808334
360,0.0,-949783.1947399084,0.0,0.0,346807.3375339646,378957.0,245070.3336476818,-1.0263264934364997
361,0.0,-954903.7065678252,0.0,0.0,348783.71724568796,382192.0,246392.23180944438,-1.2255978999492072
362,0.0,-960291.2158971274,0.0,0.0,347799.72808868496,386097.0,247780.81343485537,-2.6928807897493243
363,0.0,-965672.6779071207,0.0,0.0,347018.31617163104,389856.0,249170.4298538448,-1.6017592438256543
364,0.0,-972208.0085933872,0.0,0.0,348195.76651358005,392509.0,250856.5365754591,-1.3429372491809772
365,0.0,-975359.9332063536,0.0,0.0,347064.23360042926,394984.0,251669.39994284633,-2.2227447185741767
366,0.0,-979383.9298606934,0.0,0.0,348597.704686894,396241.0,252708.0014751244,-1.691343551470709
367,0.0,-984655.5975670964,0.0,0.0,351393.5300047912,396369.0,254067.4668841293,-2.2910994357407617
368,0.0,-987101.6622189536,0.0,0.0,350511.7222333157,397906.0,254699.25380775088,-1.471703742754471
369,0.0,-990289.9757157734,0.0,0.0,351974.81725724944,399444.0,255521.09746469898,-2.2480817188006768
370,0.0,-993930.6796573024,0.0,0.0,353052.8412554114,400043.0,256461.47420148412,-1.4355300700044609
371,0.0,-998414.2912281869,0.0,0.0,358071.8271157007,400848.0,257618.3558822438,-1.4321582263655728
372,0.0,-999151.6357634403,0.0,0.0,356226.76917670155,402216.0,257808.45628054417,-1.374423333651066
373,0.0,-1006515.7394490521,0.0,0.0,359590.89863604965,406768.0,259709.10321786773,-2178.134981055673
374,0.0,-1011683.6268729678,0.0,0.0,360311.33749690134,406679.0,261041.87110407738,-1.9854340708425298
375,0.0,-1017513.8506719263,0.0,0.0,361010.05717469426,409256.0,262547.13634523173,-0.712658371503494
376,0.0,-1020570.4006761545,0.0,0.0,363110.3349818734,411269.0,263334.5183734435,-1.975076454664304
377,0.0,-1023742.3940354555,0.0,0.0,361995.6392625512,415054.0,264153.8722793293,-1415.001290734066
378,0.0,-1025844.4221763449,0.0,0.0,362087.42708874296,415613.0,264696.45057009265,-0.9432010675373022
379,0.0,-1034655.3302091956,0.0,0.0,366502.8188875744,416586.0,266969.55668555014,-1.1582651450407866
380,0.0,-1038586.0719825531,0.0,0.0,368414.1832178762,418955.0,267984.0957149372,-1.313384901281097
381,0.0,-1043359.7494949357,0.0,0.0,371790.7645766469,421247.0,269214.71352193475,-852.2222569268597
382,0.0,-1048607.1428855334,0.0,0.0,372241.3399634942,424439.0,270569.42316061223,-1743.8785779409518
383,0.0,-1060268.883848994,0.0,0.0,378908.1825278828,428029.0,273578.6749865786,-4538.570494530359
384,0.0,-1067049.3763930611,0.0,0.0,382503.7110654416,427050.0,275327.854128092,-1946.1356309935309
385,0.0,-1075232.837120034,0.0,0.0,386756.82969430706,427858.0,277438.801334969,-2061.2526836177076
386,0.0,-1084561.5987247808,0.0,0.0,397432.12627448095,430300.0,279846.8014001052,-5077.125188056187
387,0.0,-1090508.109163729,0.0,0.0,400769.14249154145,429637.0,281380.7351010712,-4724.853143511922
388,0.0,-1091128.8758730893,0.0,0.0,397941.7217473364,426888.0,281541.27418910956,-1.1491121412473149
389,0.0,-1096551.073080655,0.0,0.0,398994.7007249518,431687.0,282939.1854127284,-3067.793060687627
390,0.0,-1098336.6585842122,0.0,0.0,399958.6451811993,432203.0,283400.8032462158,-2262.1576525886067
391,0.0,-1109163.610817819,0.0,0.0,406963.6001393141,429827.0,286193.6277243047,-2.921998969868582
392,0.0,-1112724.0823532685,0.0,0.0,407451.15402238764,432126.0,287112.97503282543,-0.7873598620935809
393,0.0,-1125341.906773836,0.0,0.0,411194.8154283217,436681.0,290368.6101789801,-124.29953687988927
394,0.0,-1134388.168471667,0.0,0.0,414854.85382100975,438204.0,292703.27952777594,-0.4021950723072223
395,0.0,-1137859.9774134944,0.0,0.0,414467.7006288526,447196.0,293598.75284975214,-4423.950887947976
396,0.0,-1145499.9996899497,0.0,0.0,419248.44922720187,448698.0,295570.2496749844,-5021.900574010051
397,0.0,-1142056.4058539267,0.0,0.0,414630.77688294696,454655.0,294681.3752084269,-5123.77084357975
398,0.0,-1142519.5814725175,0.0,0.0,417096.2073775724,455110.0,294801.8081152999,-2465.7918406333083
399,0.0,-1149552.67352566,0.0,0.0,421026.9987350868,456697.0,296617.08156140015,-1.3264605146359827
400,0.0,-1157405.9516085102,0.0,0.0,422000.5470521,460407.0,298642.04956111335,-1.569505513223703
401,0.0,-1167130.739775169,0.0,0.0,429401.6261656304,463345.0,301151.67833289644,-1.7174925821564102
402,0.0,-1177932.279562726,0.0,0.0,433204.45625722496,466293.0,303938.53192066716,-1.5300256237860594
403,0.0,-1187774.007727716,0.0,0.0,437427.7230503671,471407.0,306478.9846033641,-0.7963313554282649
404,0.0,-1192505.3463270538,0.0,0.0,436738.7074343848,474480.0,307699.4225580333,-0.7853929731572862
405,0.0,-1201985.5796007032,0.0,0.0,438608.2792961471,478617.0,310145.91027730674,-1.0734062041519792
406,0.0,-1205649.8398446732,0.0,0.0,436976.06154196616,481724.0,311090.20981051185,-2.0002121346915374
407,0.0,-1210176.3133507897,0.0,0.0,437400.1619656493,483667.0,312258.5820252751,-1.1723236694997468
408,0.0,-1213618.6849474097,0.0,0.0,438409.34411563794,487242.0,313147.347600732,-0.830757630039443
409,0.0,-1223767.512276361,0.0,0.0,441555.4720505502,490490.0,315765.1701684769,-1.3743239687282767
410,0.0,-1228548.0291040658,0.0,0.0,440879.83757338795,493790.0,316998.5270017653,-1.9045024397564703
411,0.0,-1238358.275980131,0.0,0.0,445683.2093866344,495248.0,319530.37135415536,-1.0855268009581778
412,0.0,-1232422.035436321,0.0,0.0,441495.5446387499,499219.0,317998.6695826024,-1.0667353489479865
413,0.0,-1245458.6316229885,0.0,0.0,448388.86334178934,502811.0,321362.40362385294,-1.369470553341671
414,0.0,-1251748.4649463536,0.0,0.0,449764.7636053526,505079.0,322984.67521354713,-1.8243485332131968
415,0.0,-1265963.8187624959,0.0,0.0,455140.1572406258,509228.0,326652.91213604587,-0.8639707030451973
416,0.0,-1270132.4276339356,0.0,0.0,452023.92319633474,514365.0,327729.26951076114,-1.3343097500619479
417,0.0,-1276500.1959235927,0.0,0.0,451871.51349383313,518127.0,329371.9534326809,-1.0561193605281005
418,0.0,-1277554.009613424,0.0,0.0,448292.77156346996,521288.0,329643.42616192513,-1.567491032230464
419,0.0,-1284680.7636727905,0.0,0.0,451410.4169556357,524539.0,331482.75470065785,-376.79878660554095
420,0.0,-1292669.644212847,0.0,0.0,458413.4006312601,525534.0,333544.3285811134,-0.9794996611453826
421,0.0,-1303771.804841932,0.0,0.0,463817.128646426,527240.0,336408.3536059012,-1.0641198746379814
422,0.0,-1311226.4263343732,0.0,0.0,463795.6427113302,531705.0,338332.33328848635,-0.9388639474855154
423,0.0,-1317125.6180349023,0.0,0.0,460883.67529508757,537788.0,339855.03845593106,-0.5022366839184542
424,0.0,-1324230.4834881688,0.0,0.0,463399.5557052526,539441.0,341687.67010311055,-1.4972916372862528
425,0.0,-1328025.8223497805,0.0,0.0,469773.1928046095,541798.0,342666.3087171432,-1.9157008900656365
426,0.0,-1336276.7154575507,0.0,0.0,473950.57951831754,542697.0,344795.00626925926,-1.8750035631019273
427,0.0,-1340470.3457358142,0.0,0.0,473559.54857651284,545695.0,345878.5760979438,-1.2576358807600627
428,0.0,-1346181.4714272448,0.0,0.0,472716.06416195096,549158.0,347351.49367599626,-0.95787654326341
429,0.0,-1359126.726713705,0.0,0.0,479009.40679621487,553383.0,350691.60176688933,-1189.7107249494875
430,0.0,-1369440.4770457533,0.0,0.0,485285.30175585736,557257.0,353352.23121953534,-4820.996799039973
431,0.0,-1380411.8540915241,0.0,0.0,493592.8265363977,555534.0,356183.46336392337,-4009.2528728827274
432,0.0,-1382758.2863011535,0.0,0.0,495692.9919882126,551871.0,356789.4564519634,-1.3556534416566137
433,0.0,-1394768.7833906878,0.0,0.0,503247.07356374105,554307.0,359888.93575417134,-1.0057024426714634
434,0.0,-1401946.6136994427,0.0,0.0,505667.1686554948,556722.0,361741.26436934806,-1.1606849186719046
435,0.0,-1407585.009582455,0.0,0.0,501713.0881913427,568248.0,363194.0617875159,-4543.3062523299595
436,0.0,-1415725.5029003578,0.0,0.0,505662.91215320653,577008.0,365295.9062451925,-10868.359658292586
437,0.0,-1421025.6054661663,0.0,0.0,505261.1787883657,579706.0,366663.8155715009,-10709.051075659554
438,0.0,-1430256.6227852053,0.0,0.0,513515.283392683,575664.0,369045.1159461858,-7237.307834102241
439,0.0,-1434387.8962296725,0.0,0.0,516691.0753164605,581499.0,370111.4838050386,-10253.387510737322
440,0.0,-1436385.3708671676,0.0,0.0,514302.9224767913,587168.0,370626.657362122,-13322.597458134609
441,0.0,-1453357.829723439,0.0,0.0,526076.0104624596,590125.0,375005.5587432134,-16696.126942067178
442,0.0,-1455191.2771131988,0.0,0.0,526993.6856292484,597018.0,375478.9669947825,-18423.12860878211
443,0.0,-1463920.3101612367,0.0,0.0,526185.081099341,592241.0,377731.0424195861,-7586.213869175746
444,0.0,-1484434.7169650258,0.0,0.0,539095.8379406172,592946.0,383023.71181251685,-7161.167136131742
445,0.0,-1494499.4751852911,0.0,0.0,543268.2087536813,597069.0,385621.5267103738,-9214.90421821689
446,0.0,-1502616.2465855377,0.0,0.0,545633.3709923894,601358.0,387716.1228340871,-9917.54317709229
447,0.0,-1512742.8166885772,0.0,0.0,547410.1722271403,604339.0,390329.03694489924,-8873.078664706405
448,0.0,-1521710.3462104166,0.0,0.0,550532.3352138494,604863.0,392642.2159755849,-5562.859149032523
449,0.0,-1524745.5260076043,0.0,0.0,551410.4330090266,611231.0,393425.23278794123,-4352.436954220513
450,0.0,-1533781.6050994333,0.0,0.0,554740.4289664354,613593.0,395756.4757606776,-2218.8431724567927
451,0.0,-1539910.0567716942,0.0,0.0,550220.5002481635,619149.0,397338.3718756073,-0.4044550370745128
452,0.0,-1544315.0609870607,0.0,0.0,551456.7282041268,623247.0,398475.6449660921,-1.5591283981375454
453,0.0,-1559863.0032074875,0.0,0.0,556087.3654390664,630942.0,402486.97865648154,-2251.559266853732
454,0.0,-1570028.1756600218,0.0,0.0,560616.9828359358,630405.0,405110.6619921362,-0.5730286987673026
455,0.0,-1583209.943613931,0.0,0.0,565076.672419103,636302.0,408511.15740844404,-1.0795824634988094
456,0.0,-1594523.9886653086,0.0,0.0,568761.2628017102,644174.0,411430.49382226774,-4422.111432409049
457,0.0,-1611060.0880173447,0.0,0.0,577492.9533516378,644483.0,415696.8659366048,-2434.193418250081
458,0.0,-1615950.3435663725,0.0,0.0,578856.5903842632,644121.0,416959.13724862214,-1.2992416392262385
459,0.0,-1629056.0351323476,0.0,0.0,587630.9320310113,643668.0,420341.3116570967,-0.3847552194201853
460,0.0,-1630068.6548334844,0.0,0.0,583574.5763053374,649173.0,420601.03218271385,-2.145828709130001
461,0.0,-1646138.6228413598,0.0,0.0,595767.1639348153,648473.0,424749.20700085117,-856.2014759739432
462,0.0,-1651073.898990695,0.0,0.0,595380.7271542907,650323.0,426021.1660961305,-2.1321436767648265
463,0.0,-1647297.312149194,0.0,0.0,587790.9482741352,658215.0,425047.9587343147,-0.4116711273090914
464,0.0,-1663420.9049629546,0.0,0.0,598487.234921446,658258.0,429206.62503197714,-1.3145502331972239
465,0.0,-1667780.3112222676,0.0,0.0,600109.3209160969,663133.0,430332.34387077036,-1.3301549917232478
466,0.0,-1677544.3422659736,0.0,0.0,595509.69114793,673834.0,432851.5576848049,-1.5969543905448518
467,0.0,-1690910.0042207637,0.0,0.0,600501.8668484078,685418.0,436300.83245038125,-4770.8024837923185
468,0.0,-1678277.1162750423,0.0,0.0,588455.2754648776,704393.0,433041.19370621187,-13615.688205665378
469,0.0,-1696629.8660576278,0.0,0.0,597404.5664441264,700444.0,437777.1253782442,-6268.275933075653
470,0.0,-1695795.4423730648,0.0,0.0,588225.9100194384,701512.0,437560.7158374095,-1.2528464640854509
471,0.0,-1715903.9057303895,0.0,0.0,595578.6737975532,707781.0,442750.0809970482,-0.6150521642484819
472,0.0,-1719110.7016913723,0.0,0.0,586232.352257157,718104.0,443577.1742556263,-1.4346395361244504
473,0.0,-1737314.9356413998,0.0,0.0,599227.6706114328,722806.0,448273.9584364127,-0.9383809156461211
474,0.0,-1747286.5885730602,0.0,0.0,603830.319426009,724133.0,450846.9716330197,-2.400807889949647
475,0.0,-1759184.3887531662,0.0,0.0,606653.5514775207,728725.0,453916.82527807314,-0.7399409800273133
476,0.0,-1763892.8873963011,0.0,0.0,612608.91628172,751629.0,455132.05677220674,-16602.08044166811
477,0.0,-1775646.3504247286,0.0,0.0,613923.3677112111,749722.0,458165.0224011175,-8774.965628289905
478,0.0,-1779985.7976049155,0.0,0.0,612790.8332751864,743026.0,459283.48658859864,-1.7781186277788947
479,0.0,-1784853.7779610404,0.0,0.0,616561.8678229477,745787.0,460539.5701763643,-1.3672360468044644
480,0.0,-1797664.892179281,0.0,0.0,622409.2139847839,746919.0,463846.0199039786,-1.5002004424386541
481,0.0,-1808507.5069830164,0.0,0.0,636137.386837237,747888.0,466643.81604948477,-841.3842242919345
482,0.0,-1815995.444403145,0.0,0.0,642805.1544553332,748547.0,468575.18876047817,-2.1972675787183107
483,0.0,-1832238.0786286753,0.0,0.0,649300.5126550683,752775.0,472767.5000475831,-0.9586414120167319
484,0.0,-1842377.2571345542,0.0,0.0,652389.289274026,755893.0,475383.1475991117,-1.648578992462717
485,0.0,-1850091.793525368,0.0,0.0,646921.9730810969,771501.0,477373.3416848759,-5719.4374945968375
486,0.0,-1866051.4920271034,0.0,0.0,647457.9630666623,775996.0,481490.9704037174,-278.72741424983906
487,0.0,-1878514.4713610893,0.0,0.0,648312.2334860521,782545.0,484706.8698048168,-2.3406687754177256
488,0.0,-1877041.1587475487,0.0,0.0,648708.132299584,788177.0,484327.298052898,-0.8360236910593812
489,0.0,-1889163.4950517316,0.0,0.0,655142.7219363219,790960.0,487455.6121153417,-0.911499915906461
490,0.0,-1897012.973052637,0.0,0.0,657702.3582075738,792771.0,489481.6086250871,-1.1714259280488477
491,0.0,-1910128.9072471475,0.0,0.0,658430.6930958087,800360.0,492865.18790316174,-1.1147614852889092
492,0.0,-1914475.6573227565,0.0,0.0,653297.7118950771,807234.0,493986.5560353681,-1.5909136864465836
493,0.0,-1925255.3309289718,0.0,0.0,661440.1751672189,814569.0,496767.88070562226,-1.2547818718921917
494,0.0,-1934759.2510487211,0.0,0.0,659093.9248285082,821061.0,499219.5763817306,-1.3457193331778399
495,0.0,-1933661.975460404,0.0,0.0,656009.3057130561,825733.0,498937.06298569776,-1.0034726417070488
496,0.0,-1940331.0601912164,0.0,0.0,658176.219525094,829435.0,500657.23696047405,-1.5259732562699355
497,0.0,-1952900.2546055452,0.0,0.0,664069.8025178043,831366.0,503901.2966258066,-1.5025981092258007
498,0.0,-1952544.3397875715,0.0,0.0,658026.600426934,834701.0,503809.02091531875,-1.5098633160341706
499,0.0,-1976997.072301599,0.0,0.0,680258.0394991928,828910.0,510119.74869699136,-0.4082170269539347
500,0.0,-1991053.4346417708,0.0,0.0,690514.1707012407,827420.0,513744.8650391555,-1.9255685214375262
501,0.0,-2009837.9978606312,0.0,0.0,710501.3856197376,823675.0,518591.70478941646,-2.234270330227446
502,0.0,-2015221.7649217092,0.0,0.0,716414.9304306321,822949.0,519980.72056355077,-2.3550758856581524
503,0.0,-2025668.922408083,0.0,0.0,720321.9215684481,835155.0,522677.92657768255,-10147.781057431297
504,0.0,-2041407.1188916182,0.0,0.0,732334.8868071344,838951.0,526738.4001096186,-16031.425189844027
505,0.0,-2048434.9469135522,0.0,0.0,728881.1622542413,845429.0,528551.7888883471,-15578.305598287447
506,0.0,-2061844.7938801895,0.0,0.0,731710.1946237898,848495.0,532011.3506252585,-9202.054553295886
507,0.0,-2064492.5747366163,0.0,0.0,727697.6653891765,854615.0,532694.3913291659,-6033.784950444537
508,0.0,-2074858.4221672565,0.0,0.0,730710.3546832965,865805.0,535369.6490729757,-11453.219591600759
509,0.0,-2097912.520621082,0.0,0.0,743249.6379231054,856975.0,541317.7669910972,-0.7020325872581452
510,0.0,-2094165.1026898364,0.0,0.0,739071.9480623965,862432.0,540351.4382652509,-0.7232302832198911
511,0.0,-2112912.5399545943,0.0,0.0,747283.3922419576,888932.0,545188.6267619681,-22556.057587756724
512,0.0,-2120716.9680622136,0.0,0.0,751762.826126536,887474.0,547201.4588250772,-16585.904615951993
513,0.0,-2131530.01042547,0.0,0.0,752645.4608107257,887725.0,549992.7962033319,-10514.195603538057
514,0.0,-2151341.0865226495,0.0,0.0,759608.7979713989,893141.0,555103.3810191893,-9424.231704318758
515,0.0,-2161182.4464082257,0.0,0.0,762995.2853580475,903041.0,557643.590577075,-17702.448387573066
516,0.0,-2178496.8916499983,0.0,0.0,772804.060173018,893760.0,562110.1463455466,-7345.858744255427
517,0.0,-2178590.0966794193,0.0,0.0,775858.4286448103,889144.0,562134.5684311518,-1.497304833646922
518,0.0,-2195412.656293769,0.0,0.0,784920.3724782537,894615.0,566476.3871793695,-2741.655152573214
519,0.0,-2210918.6532210847,0.0,0.0,793747.3086243921,894620.0,570475.8821408862,-1954.6053803518698
520,0.0,-2224017.817209964,0.0,0.0,804974.2091303039,890956.0,573856.7870998172,-1.1066619664125028
521,0.0,-2236466.738442252,0.0,0.0,818724.5570778912,888519.0,577068.3153357226,-1.7801816021164996
522,0.0,-2255583.8463381925,0.0,0.0,834890.3790526852,884427.0,582001.0054495293,-1.0276846743145143
523,0.0,-2269896.3191577927,0.0,0.0,840645.0925958012,892772.0,585694.2863575143,-2859.4839911559175
524,0.0,-2277374.855042898,0.0,0.0,843013.834890233,895538.0,587623.7280246434,-4379.349942284145
525,0.0,-2283924.432456367,0.0,0.0,846921.3117581778,899953.0,589313.36575561,-2.0424579645477934
526,0.0,-2303081.717704,0.0,0.0,850228.6267956353,908806.0,594257.7810849303,-0.9779855914930522
527,0.0,-2317463.006912539,0.0,0.0,854585.7939769463,924553.0,597967.0348482099,-8098.856321207688
528,0.0,-2332841.9602159946,0.0,0.0,860565.7689780656,936284.0,601935.9235753407,-16711.890163114367
529,0.0,-2351053.130531082,0.0,0.0,871897.0818195535,955117.0,606634.2162572427,-31908.94932652054
530,0.0,-2354601.763302664,0.0,0.0,868864.51558053,971549.0,607550.7052203781,-45343.88938994652
531,0.0,-2380326.3770774286,0.0,0.0,885455.2765899408,979790.0,614188.3725282312,-50873.37349750287
532,0.0,-2385164.4258308895,0.0,0.0,886829.290539932,987034.0,615436.539258925,-49997.225148393336
533,0.0,-2378743.883641459,0.0,0.0,871434.7452509366,1014597.0,613779.8513383117,-64967.239755646464
534,0.0,-2408945.5721630245,0.0,0.0,887319.241712471,1024599.0,621572.6466343733,-69815.47965125764
535,0.0,-2415485.6506084944,0.0,0.0,884691.0090278606,1035270.0,623260.1547722999,-72543.10101885497
536,0.0,-2429308.7425861196,0.0,0.0,887939.3559477156,1041382.0,626826.6265763026,-72312.65001191902
537,0.0,-2447000.585538727,0.0,0.0,901437.7780794792,1045503.0,631392.0722089958,-74617.68738283715
538,0.0,-2465741.9504822753,0.0,0.0,903011.4894807895,1050961.0,636227.2764754372,-67973.14181321715
539,0.0,-2488548.4855518327,0.0,0.0,920890.1570064372,1054450.0,642111.326195483,-71090.06357870379
540,0.0,-2500804.6221429477,0.0,0.0,928170.8584996988,1065547.0,645274.2807679152,-82889.60963735162
541,0.0,-2521211.310654645,0.0,0.0,958109.5665135306,1066294.0,650540.4664158495,-88823.93271754171
542,0.0,-2513454.17244454,0.0,0.0,951488.0183169937,1069433.0,648539.0172164202,-87756.94639309407
543,0.0,-2525291.945250487,0.0,0.0,952411.7138835173,1058297.0,651592.9787473626,-65868.99904807995
544,0.0,-2531084.8503279863,0.0,0.0,950048.5803544386,1040430.0,653087.4861124278,-44232.27600097444
545,0.0,-2541242.584720456,0.0,0.0,944021.759616085,1041254.0,655709.6782154709,-33495.75368612451
546,0.0,-2569850.8195001376,0.0,0.0,952437.228376843,1039918.0,663090.3648859656,-21429.698199191196
547,0.0,-2591234.768546346,0.0,0.0,960858.1779193992,1053429.0,668607.6157304508,-21901.248261051987
548,0.0,-2605985.66919436,0.0,0.0,961685.8312825364,1065794.0,672413.7835840501,-26710.947568362695
549,0.0,-2625247.446481602,0.0,0.0,966478.6804236228,1084833.0,677383.9200805787,-38426.95536655876
550,0.0,-2634853.775884801,0.0,0.0,963603.7570352819,1088628.0,679862.8548835688,-34686.65269895413
551,0.0,-2634679.0127508803,0.0,0.0,956769.7882771894,1093558.0,679818.2013454195,-26540.03720912287
552,0.0,-2645567.0418677824,0.0,0.0,957931.0935301442,1110311.0,682627.7430194658,-35937.95090628042
553,0.0,-2661546.841078777,0.0,0.0,956850.22586276,1125901.0,686749.4851409122,-40991.46194086058
554,0.0,-2688225.2305904045,0.0,0.0,965036.4606019149,1137742.0,693634.2770646188,-43439.93679434564
555,0.0,-2699793.4596217247,0.0,0.0,968782.9611080687,1144255.0,696619.9143072115,-39968.20618600615
556,0.0,-2702838.154695791,0.0,0.0,961720.5412435974,1151859.0,697404.2536743317,-37160.685130083206
557,0.0,-2714174.9986141305,0.0,0.0,968211.4111741559,1143037.0,700329.1424377279,-25926.894620748666
558,0.0,-2737932.540504409,0.0,0.0,971275.4270992617,1162029.0,706459.7104100314,-33573.96313258776
559,0.0,-2746588.7337049907,0.0,0.0,980689.9843833172,1169918.0,708693.088959985,-36324.02493325356
560,0.0,-2748544.1447804654,0.0,0.0,984483.4038982842,1165779.0,709197.6450609323,-28555.716675159518
561,0.0,-2785650.8916471545,0.0,0.0,1018829.3704792665,1157459.0,718772.1463203666,-29555.05941895976
562,0.0,-2802553.417660964,0.0,0.0,1033401.6570110898,1145699.0,723133.0342192332,-22195.269128848908
563,0.0,-2816992.9262437057,0.0,0.0,1036275.4962609384,1149646.0,726859.6133799728,-20638.616489101452
564,0.0,-2808952.510826965,0.0,0.0,1020885.3549592898,1152704.0,724785.4628403106,-16608.380536659923
565,0.0,-2799739.7303564698,0.0,0.0,1018207.0440333821,1152420.0,722407.3519405085,-6259.942610491489
566,0.0,-2812434.7598944204,0.0,0.0,1012222.8588314499,1158442.0,725683.3633211158,-1.5675070524666808
567,0.0,-2825175.9127011364,0.0,0.0,1008257.0867027562,1170835.0,728970.9686502622,-1.7928922097271425
568,0.0,-2823850.621604605,0.0,0.0,995553.0163262862,1180857.0,728628.8108824274,-1.8396140754302905
569,0.0,-2864424.3614657423,0.0,0.0,1021361.9302099674,1187814.0,739097.9458763968,-5257.740290075926
570,0.0,-2882036.955450169,0.0,0.0,1033346.4192484218,1200732.0,743642.8489133506,-15033.47754568448
571,0.0,-2911904.556783607,0.0,0.0,1049203.8770847828,1209700.0,751349.237536973,-21000.150939626943
572,0.0,-2922679.3723745276,0.0,0.0,1052829.0469319,1221499.0,754128.6388169214,-28040.257362701308
573,0.0,-2932146.6029767604,0.0,0.0,1056147.4137252262,1218944.0,756571.964112265,-18503.806701765767
574,0.0,-2968136.3477043994,0.0,0.0,1077590.5811316855,1229497.0,765859.0817149974,-25139.56444130165
575,0.0,-2994784.355462671,0.0,0.0,1090706.2757194296,1226268.0,772734.6468893936,-17825.637410118456
576,0.0,-3016091.657621983,0.0,0.0,1100435.1058915518,1234755.0,778232.2027170847,-22942.554710944147
577,0.0,-3020523.398598113,0.0,0.0,1100092.1136829692,1255323.0,779375.6910869068,-42484.196218257624
578,0.0,-3030477.8737642053,0.0,0.0,1105260.734918537,1278394.0,781943.7076498733,-53236.57534977085
579,0.0,-3051548.9314753846,0.0,0.0,1120298.1243372965,1281404.0,787381.6595996268,-57050.45866835415
580,0.0,-3049252.9530943194,0.0,0.0,1121980.9972791157,1293058.0,786788.8237302692,-61690.06804659871
581,0.0,-3082916.396356821,0.0,0.0,1153649.3684053721,1305423.0,795474.8207375265,-84058.15080954728
582,0.0,-3047705.583987091,0.0,0.0,1122849.2847809677,1306137.0,786388.9135630339,-79007.71417979611
583,0.0,-3072457.8866347577,0.0,0.0,1140330.0334717298,1339045.0,792775.4703859461,-110674.29517319659
584,0.0,-3082930.493876768,0.0,0.0,1138324.7743063709,1365020.0,795477.9419870097,-129685.69814204032
585,0.0,-3101356.291755012,0.0,0.0,1140266.3100864287,1373375.0,800233.1311132491,-124504.629751752
586,0.0,-3102857.737465247,0.0,0.0,1120032.8951773762,1380904.0,800620.1025739188,-112645.89181075183
587,0.0,-3120952.3731765305,0.0,0.0,1114146.613391175,1382181.0,805289.1126509854,-98392.0500414481
588,0.0,-3132034.703590047,0.0,0.0,1114101.7444568097,1386257.0,808148.1581051813,-90484.54414258867
589,0.0,-3160821.545340907,0.0,0.0,1117651.2252066308,1392133.0,815576.0985733785,-81537.16527721281
590,0.0,-3162728.3861323167,0.0,0.0,1108955.492109335,1383297.0,816068.4857727045,-57409.349595792286
591,0.0,-3168704.3783792453,0.0,0.0,1091242.6171408326,1377937.0,817610.2653685075,-33652.77940886113
592,0.0,-3151059.9959596023,0.0,0.0,1067706.2841231246,1363503.0,813057.1551544867,-2343.9031949850432
593,0.0,-3161496.163217599,0.0,0.0,1057251.3494284637,1390610.0,815749.8381746134,-13158.387877925314
594,0.0,-3191263.813681884,0.0,0.0,1063181.2592914086,1404643.0,823431.3429854637,-8105.494237399504
595,0.0,-3226003.250113607,0.0,0.0,1066786.318069672,1431081.0,832394.5847303662,-15509.218214975594
596,0.0,-3267933.588807805,0.0,0.0,1082721.208209794,1448707.0,843214.0316275265,-21044.990422329254
597,0.0,-3262982.614603762,0.0,0.0,1062281.2500369702,1459602.0,841936.0166870656,-16868.12513996698
598,0.0,-3295116.9149070787,0.0,0.0,1070467.6542118138,1472440.0,850228.1821486325,-10684.46775478367
599,0.0,-3293956.602241185,0.0,0.0,1075199.874824283,1485039.0,849928.2494300383,-7230.503389030782
600,0.0,-3331117.033195642,0.0,0.0,1100438.0768125388,1489404.0,859516.9986970822,-6496.161478916943
601,0.0,-3358111.5556341135,0.0,0.0,1116430.162003166,1483542.0,866482.5159374845,-1.33405727085119
602,0.0,-3379820.3722967557,0.0,0.0,1141759.1760073714,1484155.0,872083.864881276,-1.4262372341981973
603,0.0,-3407453.2419681204,0.0,0.0,1149579.7291045764,1493310.0,879213.5380285152,-0.8965611992680351
604,0.0,-3429332.2936533256,0.0,0.0,1154607.5973674539,1504641.0,884859.769992133,-3417.240022063015
605,0.0,-3444104.512353798,0.0,0.0,1147077.678723435,1516315.0,888670.0086493577,-1.2834137737590936
606,0.0,-3470106.8128078547,0.0,0.0,1146025.3938068403,1532443.0,895380.1509097456,-0.4703744284561253
607,0.0,-3488887.97592511,0.0,0.0,1144463.887643185,1558968.0,900225.8089166987,-9872.105998177787
608,0.0,-3490288.2258097315,0.0,0.0,1145426.6355658723,1566011.0,900587.8553404999,-8455.30794427279
609,0.0,-3509290.3939388595,0.0,0.0,1151864.9569034514,1592174.0,905490.4801768196,-19002.590351953004
610,0.0,-3523399.872048616,0.0,0.0,1149207.561939485,1582817.0,909130.8841070838,-1.7541865848106681
611,0.0,-3570089.904235963,0.0,0.0,1175006.0414013623,1597189.0,921177.5663853703,-4548.224828608047
612,0.0,-3582145.4082472213,0.0,0.0,1176519.5372752037,1607196.0,924288.3182844084,-6978.198617841641
613,0.0,-3607846.485789255,0.0,0.0,1185202.9916313142,1609823.0,930920.9369699794,-2845.911026616719
614,0.0,-3656220.8314012736,0.0,0.0,1213104.625482938,1610747.0,943402.5859456421,-1.0109299012474366
615,0.0,-3677778.987080353,0.0,0.0,1214713.1890497764,1621519.0,948964.7466329617,-2.120855611283332
616,0.0,-3719735.4308536677,0.0,0.0,1244237.050224069,1624276.0,959790.6787321222,-2.046119927905238
617,0.0,-3722545.855118079,0.0,0.0,1250105.3787384555,1628116.0,960516.6394428066,-0.7467518516132259
618,0.0,-3749957.8612524117,0.0,0.0,1257761.3885717653,1648482.0,967589.3768915713,-7960.682876645704
619,0.0,-3769747.249466647,0.0,0.0,1267042.548630924,1657368.0,972694.7439205674,-14885.593930521543
620,0.0,-3795940.322860755,0.0,0.0,1288256.4541913227,1666197.0,979452.7110321872,-25170.961701226246
621,0.0,-3831613.992830487,0.0,0.0,1330855.0132522816,1660749.0,988658.0852900483,-33839.1948658531
622,0.0,-3839649.12652722,0.0,0.0,1368535.9007864348,1691331.0,990731.6473069635,-75074.56893071512
623,0.0,-3783020.5721352124,0.0,0.0,1315865.8593962567,1734911.0,976120.7643101631,-101486.46563377944
624,0.0,-3818103.4091272736,0.0,0.0,1346830.8726383885,1709278.0,985171.8254164171,-84049.3093311447
625,0.0,-3766951.754082644,0.0,0.0,1271974.4181109774,1747423.0,971973.9029676426,-88542.29786495492
626,0.0,-3815465.445546423,0.0,0.0,1290083.9401398175,1750548.0,984491.1430258513,-77848.93877509523
627,0.0,-3802751.924953039,0.0,0.0,1244083.314610798,1724269.0,981211.8986626151,-19015.614667447
628,0.0,-3831827.1461697672,0.0,0.0,1254331.9714490473,1717082.0,988712.7502066864,-1.84724002447183
629,0.0,-3845987.4324814705,0.0,0.0,1245271.5567470398,1748695.0,992366.5331727347,-5317.679406534888
630,0.0,-3871635.5449800077,0.0,0.0,1254763.6189692202,1755079.0,998985.0978521258,-2001.0084041519585
631,0.0,-3918122.1623371434,0.0,0.0,1291385.9684883761,1800399.0,1010979.3583972511,-35189.696586045684
632,0.0,-3956340.446055584,0.0,0.0,1325842.3376731805,1772487.0,1020841.4980830762,-6308.515458559814
633,0.0,-3948743.4821601193,0.0,0.0,1298850.4431059759,1785043.0,1018880.8179866823,-1565.9501321883072
634,0.0,-3974744.5084772496,0.0,0.0,1304902.1469860906,1794376.0,1025589.5974237286,-0.7721817575511523
635,0.0,-4003343.441490295,0.0,0.0,1307957.075184909,1811275.0,1032969.2338816201,-0.9824170483916532
636,0.0,-4051220.0187630905,0.0,0.0,1328102.5641556159,1825703.0,1045322.2085682417,-1.1886996010725852
637,0.0,-4070521.0270331195,0.0,0.0,1332558.3326109983,1832263.0,1050301.8630466838,-1.5761355565482518
638,0.0,-4114062.548121925,0.0,0.0,1346515.583808785,1853004.0,1061537.632777001,-0.7317194218194345
639,0.0,-4154927.1963181496,0.0,0.0,1364604.647042025,1861985.0,1072082.5723992866,-0.45379528317425866
640,0.0,-4189220.9263699446,0.0,0.0,1373367.5126578466,1875616.0,1080930.8006154972,-2.287650281417882
641,0.0,-4204115.699213709,0.0,0.0,1394377.3856159074,1878576.0,1084773.0986535982,-1.376871832726465
642,0.0,-4266171.58173144,0.0,0.0,1450474.6506201632,1865510.0,1100785.3244182954,-1.0994804877700517
643,0.0,-4244302.876947618,0.0,0.0,1418088.299099757,1882153.0,1095143.3729130705,-0.6727182332688244
644,0.0,-4261167.294045592,0.0,0.0,1431501.4880594448,1884723.0,1099495.1243753135,-1.4591013837634819
645,0.0,-4284513.326061669,0.0,0.0,1428859.0426387885,1901429.0,1105518.1982016289,-1.848513327393448
646,0.0,-4312932.50611724,0.0,0.0,1419076.470734242,1929124.0,1112851.4860739186,-1.2983216552820522
647,0.0,-4362839.462718661,0.0,0.0,1434589.1371490746,1947245.0,1125729.0279834964,-0.8772261725971475
648,0.0,-4361285.411038819,0.0,0.0,1416162.625079069,1970011.0,1125327.5107394555,-1.3855130871452275
649,0.0,-4328415.297577128,0.0,0.0,1375925.0822221092,2008203.0,1116847.8181808135,-0.10531891132995952
650,0.0,-4339461.654279098,0.0,0.0,1364018.9124456812,2025032.0,1119697.1939353773,-1.1908501624202472
651,0.0,-4415493.222627066,0.0,0.0,1410102.3282513085,2037135.0,1139315.0461221575,-0.9899554913499742
652,0.0,-4463526.471687131,0.0,0.0,1439124.7614659443,2039704.0,1151709.1044535388,-1.1923725955712143
653,0.0,-4506532.26193228,0.0,0.0,1462109.36588477,2044911.0,1162805.2405572943,-0.7694012003848911
654,0.0,-4534226.994901102,0.0,0.0,1469041.162014956,2054721.0,1169951.487864335,-1.3572097721262253
655,0.0,-4585395.422746261,0.0,0.0,1497923.779213915,2059554.0,1183153.4880780468,-1.4615905357495649
656,0.0,-4633053.795632402,0.0,0.0,1521521.7603867128,2067245.0,1195451.1833101646,-1.2978908996810787
657,0.0,-4644634.157638945,0.0,0.0,1520698.3157523475,2078821.0,1198439.3825187208,-7821.383555267399
658,0.0,-4674893.969818813,0.0,0.0,1531415.1888586422,2116674.0,1206246.409272177,-23471.544007361146
659,0.0,-4705894.538066602,0.0,0.0,1541206.538677032,2142134.0,1214245.861386244,-41139.30343157925
660,0.0,-4715885.582357293,0.0,0.0,1534252.7218309238,2159802.0,1216824.1575685088,-42442.2049099372
661,0.0,-4692795.164843019,0.0,0.0,1531333.3492448544,2206159.0,1210865.213927961,-80128.07774971909
662,0.0,-4744195.447876332,0.0,0.0,1579988.0100732632,2240844.0,1224127.5688045216,-129976.2589808226
663,0.0,-4778079.857082395,0.0,0.0,1606819.5869362443,2277940.0,1232871.43393462,-165162.74139471003
664,0.0,-4808603.697920548,0.0,0.0,1632019.2946815386,2291202.0,1240747.0186053389,-177774.16816796805
665,0.0,-4846355.071133375,0.0,0.0,1644809.3617384476,2295813.0,1250488.905420684,-172201.27285650122
666,0.0,-4883918.666728607,0.0,0.0,1656848.892656208,2316691.0,1260182.1343638746,-169294.873347105
667,0.0,-4947647.437865575,0.0,0.0,1687868.227041111,2341125.0,1276625.1555289382,-177286.482812197
668,0.0,-4945208.104045441,0.0,0.0,1658601.881119847,2355650.0,1275995.5650891857,-169341.7540979405
669,0.0,-4949922.813177764,0.0,0.0,1641968.2722941285,2393336.0,1277212.7126394138,-177846.16191970048
670,0.0,-4950413.8120661015,0.0,0.0,1623490.6439281816,2403105.0,1277338.9931689445,-170107.2126320809
671,0.0,-4980898.841552985,0.0,0.0,1633280.114149094,2409072.0,1285204.1601422885,-159815.24823849468
672,0.0,-4988659.688420416,0.0,0.0,1629613.7265412235,2398535.0,1287207.4077465679,-143721.36924373027
673,0.0,-5094138.802794995,0.0,0.0,1718871.4898436172,2392956.0,1314422.93327697,-154308.05695713277
674,0.0,-5114906.636961541,0.0,0.0,1735209.3504555554,2393419.0,1319781.804626082,-145638.22230802907
675,0.0,-5165687.1167178545,0.0,0.0,1764654.0114157044,2396107.0,1332884.6166219965,-145329.0199418146
676,0.0,-5228734.3061358305,0.0,0.0,1809852.6490115996,2402524.0,1349152.7258709578,-148366.6730274202
677,0.0,-5219827.501467383,0.0,0.0,1806619.927513818,2381797.0,1346854.1030630094,-119565.62716797114
678,0.0,-5226377.002843395,0.0,0.0,1795971.3510954008,2395183.0,1348543.8811845668,-102918.49717816923
679,0.0,-5239674.699015107,0.0,0.0,1789312.2921598551,2390034.0,1351974.7188218492,-83511.63942259998
680,0.0,-5292151.85901158,0.0,0.0,1803318.4906360037,2418446.0,1365516.0102789295,-92177.6750637205
681,0.0,-5300599.744200626,0.0,0.0,1813104.4668925034,2438504.0,1367694.6510708898,-105675.85620047254
682,0.0,-5375297.601116104,0.0,0.0,1879635.0366245096,2430054.0,1386969.2855184905,-113193.73698011856
683,0.0,-5419902.555404518,0.0,0.0,1920012.352464329,2427703.0,1398478.6019057925,-116595.62296381741
684,0.0,-5429721.739570008,0.0,0.0,1932889.8965072338,2390502.0,1401012.3747197962,-78534.52466781315
685,0.0,-5458268.8772749305,0.0,0.0,1941331.257547426,2344454.0,1408377.7645570168,-24627.2116224384
686,0.0,-5498950.590606095,0.0,0.0,1939080.2282015902,2358242.0,1418875.6328419815,-11012.57797889944
687,0.0,-5516093.051107812,0.0,0.0,1920886.3498812425,2398805.0,1423299.1686090701,-16447.149395477034
688,0.0,-5489151.651744118,0.0,0.0,1872260.5626141804,2426737.0,1416346.776571349,-8315.932668492853
689,0.0,-5514591.0418531895,0.0,0.0,1876466.7938406582,2456747.0,1422910.4907210981,-399.0045032942726
690,0.0,-5548435.751771223,0.0,0.0,1878342.2709697182,2476151.0,1431643.5875871056,-2.641371800818888
691,0.0,-5620116.111351069,0.0,0.0,1907764.6309907648,2494223.0,1450139.6595481846,-1.372327582037542
692,0.0,-5647206.021503923,0.0,0.0,1932944.2484942803,2501538.0,1457128.7867421487,-1.8274818490899634
693,0.0,-5694308.847149285,0.0,0.0,1957851.042640717,2506594.0,1469283.765178015,-0.27813078353210585
694,0.0,-5738200.814265706,0.0,0.0,1983125.8565191166,2522735.0,1480608.110039889,-13695.335948315129
695,0.0,-5721613.51146223,0.0,0.0,1949538.219174605,2551539.0,1476327.4057704736,-17330.30517815506
696,0.0,-5779282.04455545,0.0,0.0,1984246.035308591,2586951.0,1491208.2661453644,-45407.62074086016
697,0.0,-5800324.772123004,0.0,0.0,1997983.5308072995,2581775.0,1496637.4601556768,-33468.49321832249
698,0.0,-5830647.6769167185,0.0,0.0,1971512.8651110504,2593216.0,1504461.7790032157,-2056.470547526893
699,0.0,-5851229.073708027,0.0,0.0,1970324.1996656517,2613276.0,1509772.6022366816,-1.0903728246848914
700,0.0,-5888204.612394812,0.0,0.0,1959637.7589743591,2647442.0,1519313.2021516932,-968.106077275188
701,0.0,-5950698.589579275,0.0,0.0,2016663.700437814,2673902.0,1535438.1127744357,-32520.714617025646
702,0.0,-5970884.762493044,0.0,0.0,2074239.0290012606,2726315.0,1540646.301602909,-87831.34994140788
703,0.0,-6027321.982058966,0.0,0.0,2128454.5736845555,2731646.0,1555209.08122518,-110391.60837681554
704,0.0,-6055346.581539823,0.0,0.0,2163932.5089785317,2711170.0,1562440.6113582223,-94979.93639357634
705,0.0,-6066737.959226318,0.0,0.0,2156006.154122617,2709026.0,1565378.490665846,-80949.36566939675
706,0.0,-6140608.0991662415,0.0,0.0,2196840.436220415,2741083.0,1584440.044393226,-93124.01384493685
707,0.0,-6150685.341127879,0.0,0.0,2168081.3708189516,2760067.0,1587040.216477158,-76180.39012595794
708,0.0,-6154998.5687059825,0.0,0.0,2146476.6586461263,2777588.0,1588152.2167590018,-65241.270948791054
709,0.0,-6219395.588270683,0.0,0.0,2160726.002226451,2844394.0,1604768.1163103217,-102805.92976363224
710,0.0,-6213799.997147892,0.0,0.0,2138259.9965388523,2847731.0,1603325.0176301093,-76724.52890206128
711,0.0,-6295334.845031587,0.0,0.0,2179106.88596452,2847313.0,1624363.0088902232,-61720.34352551024
712,0.0,-6332469.150125569,0.0,0.0,2212418.125276417,2867328.0,1633945.1595400667,-81662.73919181793
713,0.0,-6398585.4419446215,0.0,0.0,2266320.712224696,2903678.0,1651004.8422929903,-125263.09371681909
714,0.0,-6422382.418769309,0.0,0.0,2296441.9298311835,2903751.0,1657144.3990297965,-130790.78467602404
715,0.0,-6443535.873000807,0.0,0.0,2307308.2506655594,2901105.0,1662603.4256543815,-125576.34204568031
716,0.0,-6505851.216586828,0.0,0.0,2366655.3172901357,2896146.0,1678682.1934176935,-119118.78487450995
717,0.0,-6473671.596722878,0.0,0.0,2346066.346352095,2881517.0,1670378.6987708306,-91893.94417278354
718,0.0,-6547855.899180147,0.0,0.0,2366591.5399362715,2912022.0,1689519.57155281,-85288.93385822925
719,0.0,-6507729.329479574,0.0,0.0,2310673.4107395457,2942731.0,1679165.6631620305,-78046.38102316907
720,0.0,-6475289.638638364,0.0,0.0,2220187.7473518923,2970414.0,1670796.4817051762,-45521.65641431043
721,0.0,-6560635.8926269375,0.0,0.0,2288282.298286332,2981114.0,1692818.9455157951,-66055.16032253919
722,0.0,-6579058.1485097185,0.0,0.0,2304797.194559513,2977692.0,1697571.8536131496,-54761.916756448205
723,0.0,-6642298.545962913,0.0,0.0,2359736.1207200987,2977212.0,1713888.7110740873,-67189.67200230004
724,0.0,-6688196.521095225,0.0,0.0,2401271.785827194,2897731.0,1725732.108758076,-1.3813374308956554
725,0.0,-6569922.964940202,0.0,0.0,2277834.96980189,2945358.0,1695214.1802187928,-0.9542415434771101
726,0.0,-6670074.176042038,0.0,0.0,2329046.752463963,2963857.0,1721056.414968837,-0.8918778083316283
727,0.0,-6645885.639479357,0.0,0.0,2253295.392306856,3028123.0,1714813.6829839123,-1.7672276361336117
728,0.0,-6696373.07530948,0.0,0.0,2250723.982777955,3062790.0,1727841.7023708627,-1.2298367437251727
729,0.0,-6736550.832962479,0.0,0.0,2242157.015791979,3114384.0,1738209.070484389,-0.5856538572988939
730,0.0,-6772027.397121146,0.0,0.0,2226528.908637758,3150657.0,1747362.5811629286,-0.8288948505796725
731,0.0,-6778802.966395496,0.0,0.0,2174245.6646237196,3210937.0,1749110.7278460888,-9924.880115854947
732,0.0,-6833519.993018712,0.0,0.0,2209718.7333526453,3235997.0,1763228.821741186,-20989.664886606508
733,0.0,-6928614.331715221,0.0,0.0,2269413.2422256814,3241336.0,1787766.4877976207,-21863.17997735289
734,0.0,-7005874.664123518,0.0,0.0,2336396.6451014876,3222440.0,1807702.177432164,-5974.731580087493
735,0.0,-7070149.632910103,0.0,0.0,2372076.8646408836,3226815.0,1824285.9983150684,-4794.238898707801
736,0.0,-7159150.436347657,0.0,0.0,2440603.1186143286,3275814.0,1847250.7107903152,-46492.673254313544
737,0.0,-7155571.161091745,0.0,0.0,2435967.7595734373,3317765.0,1846326.1238966174,-74126.57249895556
738,0.0,-7196709.777069155,0.0,0.0,2423297.7192591447,3412356.0,1856941.0753638512,-114748.18032305785
739,0.0,-7218252.597358947,0.0,0.0,2403196.177818483,3441107.0,1862500.2183334997,-114686.26767134485
740,0.0,-7265779.51734507,0.0,0.0,2389466.080467075,3502019.0,1874764.0002256231,-118420.96414498118
741,0.0,-7328777.353600724,0.0,0.0,2423596.1521098427,3476601.0,1891018.594118505,-88013.83885938814
742,0.0,-7357556.945352878,0.0,0.0,2448750.0498994607,3462151.0,1898444.7083745485,-71103.59305391561
743,0.0,-7397726.373534414,0.0,0.0,2490041.385859466,3430807.0,1908809.8544798605,-50433.619157271154
744,0.0,-7432808.832198681,0.0,0.0,2539495.1925549954,3425133.0,1917861.6604514204,-60860.04101680285
745,0.0,-7385945.805069392,0.0,0.0,2473150.506331714,3455176.0,1905769.2338994334,-66907.23960502868
746,0.0,-7432708.992993318,0.0,0.0,2489943.121523523,3476931.0,1917835.8735115735,-58916.56869960986
747,0.0,-7448818.661795429,0.0,0.0,2445474.4795563677,3513151.0,1921992.0820482862,-46103.29214781367
748,0.0,-7506600.087707324,0.0,0.0,2460267.200403286,3524357.0,1936900.8936654418,-22087.939935809212
749,0.0,-7574141.336089466,0.0,0.0,2468221.105350645,3553225.0,1954329.4326056102,-16058.247482817555
750,0.0,-7557374.61272546,0.0,0.0,2432456.8112685783,3592594.0,1950001.9098959342,-16810.282134977926
751,0.0,-7663317.954970935,0.0,0.0,2487715.17203853,3600954.0,1977339.6069812034,-10035.447697046075
752,0.0,-7669251.195690022,0.0,0.0,2478189.419207173,3615249.0,1978870.3801751083,-9656.384086789963
753,0.0,-7712899.30652694,0.0,0.0,2545425.480454268,3621669.0,1990133.4160938547,-15007.524155339532
754,0.0,-7796090.5289663635,0.0,0.0,2615120.202454407,3620767.0,2011597.3332871022,-29821.06056694327
755,0.0,-7888430.254209287,0.0,0.0,2681506.632531402,3613176.0,2035423.7965916786,-27748.35497481966
756,0.0,-7978379.421708348,0.0,0.0,2760766.346113744,3611410.0,2058633.017344221,-25756.150657728824
757,0.0,-7956017.813751413,0.0,0.0,2730238.9092783863,3595415.0,2052863.596882549,-2944.0683769311
758,0.0,-8061887.349067625,0.0,0.0,2770658.5846335962,3632698.0,2080181.380901334,-10244.208602724495
759,0.0,-8024758.097178557,0.0,0.0,2725402.5071231388,3710560.0,2070601.3299700732,-51835.150145423846
760,0.0,-8055678.658814203,0.0,0.0,2684956.008748122,3786768.0,2078578.5857201729,-73068.40007373196
761,0.0,-8132207.20906411,0.0,0.0,2744360.810856873,3793080.0,2098324.635159494,-89493.21231842694
762,0.0,-8145658.017325282,0.0,0.0,2768631.22236034,3789611.0,2101794.694751128,-82333.6132500107
763,0.0,-8154061.312374547,0.0,0.0,2799292.149080077,3753260.0,2103963.7633662517,-55471.33575339563
764,0.0,-8141713.005763245,0.0,0.0,2818669.2218337255,3728462.0,2100777.3948853393,-40453.87570154018
765,0.0,-8215281.193158796,0.0,0.0,2883314.557740872,3727374.0,2119761.018927647,-56026.076900250526
766,0.0,-8295341.542401694,0.0,0.0,2912121.904959648,3760158.0,2140417.929969501,-64577.41397408213
767,0.0,-8271994.374769003,0.0,0.0,2862771.917029069,3798084.0,2134393.9992817594,-42210.48610765655
768,0.0,-8288781.7000061525,0.0,0.0,2823291.717928033,3847120.0,2138725.7331300075,-45854.29270911915
769,0.0,-8372317.147397371,0.0,0.0,2841429.3155084755,3888437.0,2160279.327406294,-50197.271492992855
770,0.0,-8356036.978105177,0.0,0.0,2807247.4577436894,3906423.0,2156078.9395239344,-25869.619948205203
771,0.0,-8452936.710163563,0.0,0.0,2845109.360091026,3906171.0,2181080.7664878303,-1.7064189798547886
772,0.0,-8511288.126474015,0.0,0.0,2878017.052195948,3908107.0,2196137.2974298187,-1.5836065253533889
773,0.0,-8522111.813418278,0.0,0.0,2917483.460592465,3915454.0,2198929.5980920284,-2.5632356689602602
774,0.0,-8552789.922769057,0.0,0.0,2944586.5422866354,3905207.0,2206845.9529889654,-1.0012585617223522
775,0.0,-8615639.725638572,0.0,0.0,2983751.570469524,3906240.0,2223062.70323011,-1.6571789484878536
776,0.0,-8595938.115694547,0.0,0.0,2921456.3595650154,3954754.0,2217979.177775593,-8134.342303392143
777,0.0,-8632040.494056048,0.0,0.0,2928692.243730198,3951204.0,2227294.8960723924,-1.1794569952762686
778,0.0,-8721631.282425432,0.0,0.0,2930522.0429023895,4011115.0,2250412.235977607,-0.5786784811061807
779,0.0,-8718387.988291629,0.0,0.0,2875287.9317589165,4068817.0,2249575.1458790004,-1542.078800829302
780,0.0,-8828592.69986559,0.0,0.0,2882373.616947448,4135279.0,2278011.1286589783,-0.6691383925935952
781,0.0,-8862421.908869645,0.0,0.0,2912225.1312948624,4157287.0,2286739.8611625447,-0.7371272805321496
782,0.0,-8936130.189944275,0.0,0.0,2955645.2830837183,4161679.0,2305758.3841198557,-1.5156442241132027
783,0.0,-8967840.29440818,0.0,0.0,2972586.77675453,4189522.0,2313940.5695993537,-25962.060498271487
784,0.0,-9069954.791572796,0.0,0.0,3072737.7706972416,4169064.0,2340290.4823131133,-34367.44251731236
785,0.0,-9142658.59852484,0.0,0.0,3135874.455467695,4134365.0,2359047.302098437,-13211.210990896041
786,0.0,-9186826.06399945,0.0,0.0,3132025.560053651,4153134.0,2370443.674270126,-1.7329673051135615
787,0.0,-9216655.5180966,0.0,0.0,3128696.0726513164,4211064.0,2378140.9512637034,-6832.073280363271
788,0.0,-9289471.541312775,0.0,0.0,3139891.1104775667,4269673.0,2396929.3652458806,-26848.849293307052
789,0.0,-9279780.561101643,0.0,0.0,3055971.0174748385,4315377.0,2394429.5509778727,-0.8057699712662725
790,0.0,-9325581.813485684,0.0,0.0,3053965.0136797437,4345946.0,2406247.343886236,-0.6609543461381691
791,0.0,-9442257.358420279,0.0,0.0,3100462.6037778896,4381007.0,2436352.2622046135,-1.1062346210383112
792,0.0,-9494843.766298274,0.0,0.0,3163722.2353849774,4387170.0,2449921.5738564907,-0.9462414718436776
793,0.0,-9563607.58912335,0.0,0.0,3234395.920767081,4408754.0,2467664.258734439,-30853.50975654737
794,0.0,-9634305.684199454,0.0,0.0,3300877.1215804205,4431948.0,2485905.6925046467,-72233.39360320469
795,0.0,-9710756.247287655,0.0,0.0,3370211.481809309,4555264.0,2505631.366336216,-202724.10109561507
796,0.0,-9852919.881794611,0.0,0.0,3484555.634483662,4625543.0,2542313.2337315567,-286114.5078941156
797,0.0,-9870065.891380856,0.0,0.0,3498504.7654291876,4689447.0,2546738.557962443,-349639.5740975451
798,0.0,-9963114.038358662,0.0,0.0,3515124.8464169214,4757926.0,2570746.6369255753,-373829.1679318813
799,0.0,-9771936.697735155,0.0,0.0,3281394.1327846083,4815995.0,2521418.006767821,-344962.45592025446
800,0.0,-9815299.09373831,0.0,0.0,3249605.970378809,4874617.0,2532606.7081786087,-308662.564586523
801,0.0,-9805876.673681648,0.0,0.0,3176255.37079153,4906615.0,2530175.1773519367,-295691.71232546214
802,0.0,-9918885.242991148,0.0,0.0,3235928.964145791,4843189.0,2559335.4029940497,-217415.9616391429
803,0.0,-1.0022501632047651E7,0.0,0.0,3301231.365737242,4829513.0,2586069.811831656,-198662.66233591395
804,0.0,-1.0074860286064075E7,0.0,0.0,3359669.40439086,4753298.0,2599580.3524700957,-122742.68273262304
805,0.0,-1.0185422479239102E7,0.0,0.0,3451358.1284199944,4748487.0,2628108.16432996,-132830.0324718693
806,0.0,-1.0212508874436278E7,0.0,0.0,3411623.4495565942,4774750.0,2635097.0669603613,-104663.85228845452
807,0.0,-1.0333943583108636E7,0.0,0.0,3448302.0327927843,4824499.0,2666431.4889701293,-105996.93082784733
808,0.0,-1.036924619764607E7,0.0,0.0,3420590.8689126982,4873018.0,2675539.8052003416,-86509.46386449924
809,0.0,-1.0484012034845432E7,0.0,0.0,3445630.0667504864,4930192.0,2705152.0175080197,-88643.34776957707
810,0.0,-1.0484032011028254E7,0.0,0.0,3380008.871522532,4934573.0,2705157.573153417,-34298.05211305924
811,0.0,-1.0503796434992293E7,0.0,0.0,3340670.025626937,4981957.0,2710257.3815590623,-19234.79860110949
812,0.0,-1.0531936434434649E7,0.0,0.0,3329200.197735453,4997069.0,2717518.0683582914,-8599.992818563027
813,0.0,-1.0574899508082177E7,0.0,0.0,3337424.4488215465,5004930.0,2728604.3132134113,-1.2720428387256106
814,0.0,-1.0702381484121816E7,0.0,0.0,3453557.848682037,4996824.0,2761497.1360931234,-1.1410329678910784
815,0.0,-1.075556306023357E7,0.0,0.0,3465868.446065453,5018390.0,2775219.8778472114,-0.7562689609912923
816,0.0,-1.0822078297324862E7,0.0,0.0,3471842.896374125,5065104.0,2792382.465037953,-15887.245290022911
817,0.0,-1.0851481799760299E7,0.0,0.0,3480206.8102826937,5070511.0,2799969.1835827767,-1.4647994268743787
818,0.0,-1.095540315422899E7,0.0,0.0,3524266.6682351185,5148995.0,2826783.2902470445,-1.1990580629644683
819,0.0,-1.0935256843086626E7,0.0,0.0,3434657.91540934,5215900.0,2821585.971026035,-1.2849800004041754
820,0.0,-1.1074307719202772E7,0.0,0.0,3420237.9838516037,5325270.0,2857464.4431480905,-1.8228319004410878
821,0.0,-1.108855255806077E7,0.0,0.0,3376366.3145231702,5372724.0,2861141.162097947,-0.5062462027126458
822,0.0,-1.1167332117186563E7,0.0,0.0,3393643.678563051,5403463.0,2881467.4990292895,-1.2283262576384004
823,0.0,-1.130453240544044E7,0.0,0.0,3498690.631764496,5427892.0,2916868.8647825136,-35130.88311581426
824,0.0,-1.144784517337923E7,0.0,0.0,3628108.2801606893,5462036.0,2953847.0155397006,-100054.72695574463
825,0.0,-1.1517071666747894E7,0.0,0.0,3696416.8731208965,5436931.0,2971708.5900286767,-99615.5281038423
826,0.0,-1.158975756225463E7,0.0,0.0,3725656.349059169,5448391.0,2990463.8910077596,-93695.15731308587
827,0.0,-1.1700306249510944E7,0.0,0.0,3772268.851193195,5446618.0,3018988.587430482,-62826.218004401526
828,0.0,-1.1775899593862852E7,0.0,0.0,3776444.5663768607,5471195.0,3038493.0321387644,-42083.524463182635
829,0.0,-1.1925265142919295E7,0.0,0.0,3846438.509644678,5504511.0,3077033.9302267144,-40992.874452016535
830,0.0,-1.1929430298475314E7,0.0,0.0,3822092.7926956876,5499086.0,3078108.966246809,-0.7974857027147664
831,0.0,-1.1981736749253877E7,0.0,0.0,3807908.6725056395,5612504.0,3091604.606200292,-68017.26657108862
832,0.0,-1.2125135161001632E7,0.0,0.0,3931879.525805426,5681568.0,3128605.26291201,-162003.43023687566
833,0.0,-1.2188798468079478E7,0.0,0.0,4076615.8886347334,5734223.0,3145031.5108069037,-236867.7199703409
834,0.0,-1.2259482403513893E7,0.0,0.0,4157830.885163515,5719210.0,3163270.043755801,-261631.45099086786
835,0.0,-1.2355592406165328E7,0.0,0.0,4260055.033086373,5694906.0,3188068.6308831405,-275301.5455844676
836,0.0,-1.2492231494838167E7,0.0,0.0,4377258.3396704495,5723030.0,3223325.2170774643,-332779.39448531705
837,0.0,-1.2440867678860527E7,0.0,0.0,4425249.327295761,5729076.0,3210072.6230575405,-334757.29514474113
838,0.0,-1.256170403043628E7,0.0,0.0,4477151.759188782,5618160.0,3241251.8788254242,-187606.65416351747
839,0.0,-1.2533987161663514E7,0.0,0.0,4408836.728863379,5635830.0,3234100.3564013587,-165088.91747352856
840,0.0,-1.2720751478937905E7,0.0,0.0,4454903.966548093,5686410.0,3282289.592816806,-131971.54559804924
841,0.0,-1.275873774763786E7,0.0,0.0,4458225.543933525,5701581.0,3292091.0630711406,-129292.50400618729
842,0.0,-1.281408449182521E7,0.0,0.0,4457684.146450711,5722231.0,3306372.5387474643,-118187.15898350262
843,0.0,-1.2933097790169451E7,0.0,0.0,4564872.534504458,5729422.0,3337081.0136358025,-151363.57699704746
844,0.0,-1.282997131257214E7,0.0,0.0,4434954.698109652,5725796.0,3310472.0054929294,-133552.72325484946
845,0.0,-1.2964557310446288E7,0.0,0.0,4625726.506123708,5671572.0,3345198.2151181186,-138459.001853965
846,0.0,-1.278516684308158E7,0.0,0.0,4376359.815657997,5645729.0,3298910.954624591,-20570.2518586504
847,0.0,-1.2960807793085847E7,0.0,0.0,4486768.677735767,5816904.0,3344230.075587548,-163058.2238335539
848,0.0,-1.2995810612745946E7,0.0,0.0,4413799.943664252,5931647.0,3353262.14512591,-188281.19187685938
849,0.0,-1.3162730977679951E7,0.0,0.0,4518155.059743555,6068192.0,3396331.9644112787,-262962.807241855
850,0.0,-1.3202851442268603E7,0.0,0.0,4490889.190867791,6104452.0,3406684.0488445745,-243081.60778652143
851,0.0,-1.3315500019150408E7,0.0,0.0,4507973.218323327,6149990.0,3435750.747145625,-222821.61937591794
852,0.0,-1.3495845063165683E7,0.0,0.0,4646124.597057948,6063734.0,3482284.680698701,-152311.34339034074
853,0.0,-1.3552096249838037E7,0.0,0.0,4720587.931993998,6046565.0,3496798.495350942,-143476.83008000662
854,0.0,-1.3620399613836844E7,0.0,0.0,4844527.315672696,5934797.0,3514422.878498887,-55108.9956239476
855,0.0,-1.35437865285253E7,0.0,0.0,4755631.017462184,5956316.0,3494654.778891827,-52196.85382355341
856,0.0,-1.37446874353476E7,0.0,0.0,4937768.263154026,5974864.0,3546492.841072166,-92191.17002966526
857,0.0,-1.372937983194254E7,0.0,0.0,4883328.847930094,6010133.0,3542543.3894340093,-93652.2903156054
858,0.0,-1.3661553010273907E7,0.0,0.0,4722572.952967357,6060767.0,3525041.7428580103,-1.7332396967103705
859,0.0,-1.3707000215194633E7,0.0,0.0,4684893.041924026,6126967.0,3536768.988737506,-0.8092159419611562
860,0.0,-1.3872631237869862E7,0.0,0.0,4628177.558887295,6307778.0,3579506.229968838,-1.260279723937856
861,0.0,-1.4066227315492978E7,0.0,0.0,4713614.842331188,6359347.0,3629457.7133186962,-2.253050912418985
862,0.0,-1.4170738748327887E7,0.0,0.0,4696367.356605516,6441714.0,3656425.470896706,-0.9370649141637841
863,0.0,-1.4192270051986538E7,0.0,0.0,4677171.349090624,6489873.0,3661981.5023355396,-1.5314220422005747
864,0.0,-1.4297133328134704E7,0.0,0.0,4739089.675318884,6510468.0,3689037.5232425435,-13451.452892311921
865,0.0,-1.4335327035465555E7,0.0,0.0,4747437.676445652,6556910.0,3698892.2330214945,-48510.96270318245
866,0.0,-1.4371021483764827E7,0.0,0.0,4727955.613636787,6618636.0,3708102.5219221534,-51062.66427913611
867,0.0,-1.4378053351546071E7,0.0,0.0,4612576.508812639,6710490.0,3709917.582877692,-32581.401544129913
868,0.0,-1.4494199496413192E7,0.0,0.0,4707241.3815767495,6884426.0,3739885.994095567,-126594.7263924675
869,0.0,-1.4651700371569112E7,0.0,0.0,4728786.062957796,7088349.0,3780525.4585390184,-245519.78808089503
870,0.0,-1.4690503498447875E7,0.0,0.0,4687301.316960491,7184738.0,3790537.6205691984,-269893.6849968354
871,0.0,-1.4802372140417485E7,0.0,0.0,4693191.919849803,7309087.0,3819402.3186936406,-317849.83653350256
872,0.0,-1.4804791204667466E7,0.0,0.0,4638740.548315711,7284909.0,3820027.8980632806,-250043.49554620346
873,0.0,-1.496953171803859E7,0.0,0.0,4800370.966281152,7301525.0,3862534.194197465,-278255.38680742343
874,0.0,-1.5065488508604433E7,0.0,0.0,4862410.485959036,7239157.0,3887293.8498364403,-220116.4112385082
875,0.0,-1.5182557714189734E7,0.0,0.0,4956591.565592076,7214103.0,3917500.376413693,-214424.23237067804
876,0.0,-1.5330031171105264E7,0.0,0.0,5113580.1756142825,7280745.0,3955552.4306788296,-299933.1873564137
877,0.0,-1.5353152194740085E7,0.0,0.0,5126901.390329074,7291954.0,3961519.0564477644,-320805.7959901542
878,0.0,-1.5442074778674422E7,0.0,0.0,5166715.026138455,7455936.0,3984463.6528652133,-412851.4887758299
879,0.0,-1.538481620401682E7,0.0,0.0,5070074.73999529,7470019.0,3969688.716461187,-385306.53314066055
880,0.0,-1.5507615279202338E7,0.0,0.0,5054423.7271258235,7711797.0,4001374.062243764,-485557.23462223506
881,0.0,-1.5570296032871922E7,0.0,0.0,5061427.153667693,7834214.0,4017547.9425097248,-581773.4035912232
882,0.0,-1.5710074878169412E7,0.0,0.0,5095558.080068977,8021401.0,4053614.903882132,-720096.8924645266
883,0.0,-1.5787683349362755E7,0.0,0.0,5160253.600271958,8024211.0,4073639.6131945443,-725879.950919014
884,0.0,-1.5898933389401782E7,0.0,0.0,5249925.468758059,8018075.0,4102344.4287110413,-744168.9033304048
885,0.0,-1.5635055915478807E7,0.0,0.0,4996239.31058468,8023028.0,4034257.150167993,-686657.6616960161
886,0.0,-1.5600626796919852E7,0.0,0.0,5026404.033860548,8042630.0,4025373.650485733,-657833.3485769464
887,0.0,-1.5713026905930951E7,0.0,0.0,5009488.304797438,8124843.0,4054375.416939265,-652879.0221112458
888,0.0,-1.5927680551129866E7,0.0,0.0,5143258.374432115,8222802.0,4109761.7293893835,-687489.9294155916
889,0.0,-1.5876438672310866E7,0.0,0.0,4951809.871794813,8297730.0,4096539.7498223237,-626341.2587283787
890,0.0,-1.5855185372449266E7,0.0,0.0,4846329.174539737,8336876.0,4091056.5962968515,-581803.5447909494
891,0.0,-1.6087113547687713E7,0.0,0.0,4955368.529644468,8293046.0,4150900.3916079244,-475837.8773374691
892,0.0,-1.6281997746742802E7,0.0,0.0,5089292.15173143,8146537.0,4201185.482611241,-323839.7856440404
893,0.0,-1.6586758986030784E7,0.0,0.0,5349777.5909055825,7968670.0,4279821.232512103,-195054.55329417024
894,0.0,-1.6603236070489774E7,0.0,0.0,5420663.38578134,7963818.0,4284072.7594971135,-186855.74853591248
895,0.0,-1.6701228248927994E7,0.0,0.0,5511929.37707866,7902619.0,4309358.042943746,-158652.97433275278
896,0.0,-1.6844885564572766E7,0.0,0.0,5658390.260902536,8026136.0,4346424.888840802,-309356.9932975268
897,0.0,-1.6878267793029595E7,0.0,0.0,5711254.543260168,8014039.0,4355038.67436412,-310062.2670125312
898,0.0,-1.7013262345587466E7,0.0,0.0,5748214.628199058,8234358.0,4389870.349559692,-460510.47894360096
899,0.0,-1.6895210807175986E7,0.0,0.0,5606990.305481862,8041741.0,4359410.427800016,-211390.2751224469
900,0.0,-1.707885232289833E7,0.0,0.0,5597461.819291128,8257936.0,4406794.214250693,-268013.5844150283
901,0.0,-1.713611529665867E7,0.0,0.0,5597085.741354874,8375928.0,4421569.695039904,-343897.8744262644
902,0.0,-1.732953302236054E7,0.0,0.0,5659478.155933978,8433232.0,4471476.607267428,-330025.62989831174
903,0.0,-1.7263203152676743E7,0.0,0.0,5579223.911619428,8329659.0,4454363.039294695,-174793.08300113428
904,0.0,-1.7471405933035567E7,0.0,0.0,5849292.006405568,8367452.0,4508084.220683014,-258059.2790980804
905,0.0,NaN,0.0,0.0,5882543.514560596,7971087.0,4968785.6165264975,-319991.2158513982
906,NaN,NaN,0.0,0.0,5851668.684545734,0.0,NaN,0.0
907,NaN,NaN,0.0,0.0,124938.90960151482,0.0,NaN,0.0
908,NaN,NaN,0.0,0.0,34127.97267519068,0.0,NaN,0.0
909,NaN,NaN,0.0,0.0,22793.275709170837,0.0,NaN,0.0
910,NaN,NaN,0.0,0.0,21273.723995226115,0.0,NaN,0.0
911,NaN,NaN,0.0,0.0,19754.172281281393,0.0,NaN,0.0
912,NaN,NaN,0.0,0.0,18234.62056733667,0.0,NaN,0.0
913,NaN,NaN,0.0,0.0,0.0,0.0,NaN,0.0
914,NaN,NaN,0.0,0.0,0.0,0.0,NaN,0.0
915,NaN,NaN,0.0,0.0,0.0,0.0,NaN,0.0
916,NaN,NaN,0.0,0.0,0.0,0.0,NaN,0.0
917,NaN,NaN,0.0,0.0,0.0,0.0,NaN,0.0
918,NaN,NaN,0.0,0.0,0.0,0.0,NaN,0.0
919,NaN,NaN,0.0,0.0,0.0,0.0,NaN,0.0
920,NaN,NaN,0.0,0.0,0.0,0.0,NaN,0.0
921,NaN,NaN,0.0,0.0,0.0,0.0,NaN,0.0
922,NaN,NaN,0.0,0.0,0.0,0.0,NaN,0.0
923,NaN,NaN,0.0,0.0,0.0,0.0,NaN,0.0
924,NaN,NaN,0.0,0.0,0.0,0.0,NaN,0.0
925,NaN,NaN,0.0,0.0,0.0,0.0,NaN,0.0
926,NaN,NaN,0.0,0.0,0.0,0.0,NaN,0.0
927,NaN,NaN,0.0,0.0,0.0,0.0,NaN,0.0
928,NaN,NaN,0.0,0.0,0.0,0.0,NaN,0.0
929,NaN,NaN,0.0,0.0,0.0,0.0,NaN,0.0
930,NaN,NaN,0.0,0.0,0.0,0.0,NaN,0.0
931,NaN,NaN,0.0,0.0,0.0,0.0,NaN,0.0
932,NaN,NaN,0.0,0.0,0.0,0.0,NaN,0.0
933,NaN,NaN,0.0,0.0,0.0,0.0,NaN,0.0
934,NaN,NaN,0.0,0.0,0.0,0.0,NaN,0.0
935,NaN,NaN,0.0,0.0,0.0,0.0,NaN,0.0
936,NaN,NaN,0.0,0.0,0.0,0.0,NaN,0.0
937,NaN,NaN,0.0,0.0,0.0,0.0,NaN,0.0
938,NaN,NaN,0.0,0.0,0.0,0.0,NaN,0.0
939,NaN,NaN,0.0,0.0,0.0,0.0,NaN,0.0
940,NaN,NaN,0.0,0.0,0.0,0.0,NaN,0.0
941,NaN,NaN,0.0,0.0,0.0,0.0,NaN,0.0
942,NaN,NaN,0.0,0.0,0.0,0.0,NaN,0.0
943,NaN,NaN,0.0,0.0,0.0,0.0,NaN,0.0
944,NaN,NaN,0.0,0.0,0.0,0.0,NaN,0.0
945,NaN,NaN,0.0,0.0,0.0,0.0,NaN,0.0
946,NaN,NaN,0.0,0.0,0.0,0.0,NaN,0.0
947,NaN,NaN,0.0,0.0,0.0,0.0,NaN,0.0
948,NaN,NaN,0.0,0.0,0.0,0.0,NaN,0.0
949,NaN,NaN,0.0,0.0,0.0,0.0,NaN,0.0
950,NaN,NaN,0.0,0.0,0.0,0.0,NaN,0.0
951,NaN,NaN,0.0,0.0,0.0,0.0,NaN,0.0
952,NaN,NaN,0.0,0.0,0.0,0.0,NaN,0.0
953,NaN,NaN,0.0,0.0,0.0,0.0,NaN,0.0
954,NaN,NaN,0.0,0.0,0.0,0.0,NaN,0.0
955,NaN,NaN,0.0,0.0,0.0,0.0,NaN,0.0
956,NaN,NaN,0.0,0.0,0.0,0.0,NaN,0.0
957,NaN,NaN,0.0,0.0,0.0,0.0,NaN,0.0
958,NaN,NaN,0.0,0.0,0.0,0.0,NaN,0.0
959,NaN,NaN,0.0,0.0,0.0,0.0,NaN,0.0
960,NaN,NaN,0.0,0.0,0.0,0.0,NaN,0.0
961,NaN,NaN,0.0,0.0,0.0,0.0,NaN,0.0
962,NaN,NaN,0.0,0.0,0.0,0.0,NaN,0.0
963,NaN,NaN,0.0,0.0,0.0,0.0,NaN,0.0
964,NaN,NaN,0.0,0.0,0.0,0.0,NaN,0.0
965,NaN,NaN,0.0,0.0,0.0,0.0,NaN,0.0
966,NaN,NaN,0.0,0.0,0.0,0.0,NaN,0.0
967,NaN,NaN,0.0,0.0,0.0,0.0,NaN,0.0
968,NaN,NaN,0.0,0.0,0.0,0.0,NaN,0.0
969,NaN,NaN,0.0,0.0,0.0,0.0,NaN,0.0
970,NaN,NaN,0.0,0.0,0.0,0.0,NaN,0.0
971,NaN,NaN,0.0,0.0,0.0,0.0,NaN,0.0
972,NaN,NaN,0.0,0.0,0.0,0.0,NaN,0.0
973,NaN,NaN,0.0,0.0,0.0,0.0,NaN,0.0
974,NaN,NaN,0.0,0.0,0.0,0.0,NaN,0.0
975,NaN,NaN,0.0,0.0,0.0,0.0,NaN,0.0
976,NaN,NaN,0.0,0.0,0.0,0.0,NaN,0.0
977,NaN,NaN,0.0,0.0,0.0,0.0,NaN,0.0
978,NaN,NaN,0.0,0.0,0.0,0.0,NaN,0.0
979,NaN,NaN,0.0,0.0,0.0,0.0,NaN,0.0
980,NaN,NaN,0.0,0.0,0.0,0.0,NaN,0.0
981,NaN,NaN,0.0,0.0,0.0,0.0,NaN,0.0
982,NaN,NaN,0.0,0.0,0.0,0.0,NaN,0.0
983,NaN,NaN,0.0,0.0,0.0,0.0,NaN,0.0
984,NaN,NaN,0.0,0.0,0.0,0.0,NaN,0.0
985,NaN,NaN,0.0,0.0,0.0,0.0,NaN,0.0
986,NaN,NaN,0.0,0.0,0.0,0.0,NaN,0.0
987,NaN,NaN,0.0,0.0,0.0,0.0,NaN,0.0
988,NaN,NaN,0.0,0.0,0.0,0.0,NaN,0.0
989,NaN,NaN,0.0,0.0,0.0,0.0,NaN,0.0
990,NaN,NaN,0.0,0.0,0.0,0.0,NaN,0.0
991,NaN,NaN,0.0,0.0,0.0,0.0,NaN,0.0
992,NaN,NaN,0.0,0.0,0.0,0.0,NaN,0.0
993,NaN,NaN,0.0,0.0,0.0,0.0,NaN,0.0
994,NaN,NaN,0.0,0.0,0.0,0.0,NaN,0.0
995,NaN,NaN,0.0,0.0,0.0,0.0,NaN,0.0
996,NaN,NaN,0.0,0.0,0.0,0.0,NaN,0.0
997,NaN,NaN,0.0,0.0,0.0,0.0,NaN,0.0
998,NaN,NaN,0.0,0.0,0.0,0.0,NaN,0.0
999,NaN,NaN,0.0,0.0,0.0,0.0,NaN,0.0
1000,NaN,NaN,0.0,0.0,0.0,0.0,NaN,0.0
