1,120.0,120.0,120.0,120.0,120.0,120.0,120.0,120.0,120.0,120.0
2,120.0,120.0,120.0,120.0,120.0,120.0,120.0,120.0,120.0,120.0
3,120.0,120.0,120.0,120.0,120.0,120.0,120.0,120.0,120.0,120.0
4,120.0,120.0,120.0,120.0,120.0,120.0,120.0,120.0,120.0,120.0
5,120.0,120.0,120.0,120.0,120.0,120.0,120.0,120.0,120.0,120.0
6,120.0,120.0,120.0,120.0,120.0,120.0,120.0,120.0,120.0,120.0
7,120.0,120.0,120.0,120.0,120.0,120.0,120.0,120.0,120.0,120.0
8,120.0,120.0,120.0,120.0,120.0,120.0,120.0,120.0,120.0,120.0
9,120.0,120.0,120.0,120.0,120.0,120.0,120.0,120.0,120.0,120.0
10,120.0,120.0,120.0,120.0,120.0,120.0,120.0,120.0,120.0,120.0
11,120.0,120.0,120.0,120.0,120.0,120.0,120.0,120.0,120.0,120.0
12,108.0,109.0,108.0,110.0,110.0,109.0,110.0,110.0,109.0,111.0
13,98.0,100.0,101.0,100.0,102.0,100.0,99.0,101.0,97.0,100.0
14,90.0,89.0,89.0,89.0,93.0,90.0,90.0,90.0,86.0,89.0
15,82.0,79.0,80.0,79.0,82.0,80.0,80.0,84.0,75.0,79.0
16,72.0,70.0,69.0,70.0,72.0,71.0,70.0,75.0,64.0,67.0
17,65.0,59.0,63.0,63.0,69.0,64.0,60.0,66.0,55.0,59.0
18,55.0,48.0,60.0,52.0,61.0,57.0,51.0,57.0,46.0,49.0
19,44.0,41.0,51.0,46.0,53.0,48.0,42.0,48.0,40.0,41.0
20,37.0,34.0,42.0,36.0,45.0,40.0,32.0,39.0,35.0,38.0
21,37.0,34.0,43.0,37.0,45.0,40.0,36.0,39.0,34.0,39.0
22,37.0,33.0,49.0,39.0,45.0,40.0,38.0,38.0,35.0,39.0
23,37.0,34.0,50.0,38.0,42.0,35.0,38.0,37.0,36.0,44.0
24,33.0,34.0,48.0,37.0,39.0,34.0,37.0,37.0,35.0,44.0
25,29.0,34.0,47.0,36.0,40.0,34.0,38.0,33.0,34.0,44.0
26,28.0,34.0,47.0,34.0,39.0,32.0,40.0,35.0,35.0,43.0
27,33.0,34.0,47.0,34.0,40.0,31.0,39.0,37.0,38.0,44.0
28,36.0,32.0,47.0,36.0,41.0,31.0,40.0,38.0,37.0,44.0
29,34.0,31.0,44.0,40.0,43.0,33.0,37.0,37.0,35.0,44.0
30,35.0,30.0,40.0,37.0,45.0,35.0,36.0,39.0,35.0,43.0
31,35.0,29.0,39.0,35.0,49.0,36.0,33.0,41.0,34.0,39.0
32,37.0,30.0,38.0,32.0,52.0,35.0,33.0,45.0,34.0,37.0
33,37.0,34.0,37.0,31.0,52.0,35.0,32.0,46.0,37.0,32.0
34,36.0,37.0,41.0,31.0,49.0,34.0,30.0,47.0,41.0,32.0
35,33.0,36.0,47.0,31.0,46.0,33.0,29.0,46.0,48.0,31.0
36,31.0,37.0,48.0,31.0,40.0,33.0,32.0,41.0,48.0,34.0
37,31.0,37.0,51.0,32.0,39.0,33.0,40.0,39.0,48.0,40.0
38,30.0,36.0,55.0,33.0,39.0,33.0,48.0,34.0,47.0,43.0
39,32.0,31.0,55.0,36.0,38.0,32.0,50.0,35.0,45.0,47.0
40,32.0,31.0,55.0,39.0,38.0,32.0,50.0,37.0,45.0,48.0
41,37.0,33.0,55.0,44.0,39.0,33.0,50.0,35.0,45.0,48.0
42,41.0,36.0,55.0,45.0,40.0,37.0,50.0,35.0,44.0,48.0
43,43.0,38.0,50.0,45.0,40.0,42.0,47.0,39.0,46.0,46.0
44,42.0,40.0,47.0,41.0,38.0,45.0,46.0,41.0,47.0,49.0
45,47.0,42.0,44.0,41.0,39.0,45.0,46.0,40.0,54.0,49.0
46,51.0,42.0,43.0,42.0,41.0,44.0,47.0,41.0,57.0,49.0
47,54.0,41.0,45.0,42.0,45.0,43.0,46.0,41.0,56.0,49.0
48,53.0,41.0,48.0,42.0,47.0,42.0,47.0,41.0,51.0,48.0
49,51.0,40.0,54.0,44.0,51.0,42.0,45.0,43.0,47.0,48.0
50,49.0,39.0,53.0,43.0,55.0,43.0,44.0,41.0,47.0,50.0
51,49.0,37.0,52.0,45.0,55.0,43.0,43.0,43.0,45.0,54.0
52,48.0,37.0,51.0,47.0,49.0,43.0,43.0,43.0,44.0,57.0
53,47.0,38.0,49.0,56.0,48.0,41.0,43.0,44.0,45.0,56.0
54,47.0,35.0,49.0,55.0,45.0,44.0,44.0,42.0,47.0,56.0
55,46.0,37.0,49.0,54.0,44.0,48.0,44.0,39.0,48.0,56.0
56,47.0,41.0,49.0,54.0,43.0,47.0,45.0,36.0,45.0,55.0
57,48.0,40.0,43.0,52.0,43.0,44.0,46.0,41.0,44.0,49.0
58,48.0,42.0,44.0,52.0,44.0,43.0,43.0,40.0,46.0,49.0
59,47.0,42.0,44.0,55.0,45.0,49.0,38.0,41.0,42.0,47.0
60,45.0,44.0,39.0,56.0,46.0,49.0,37.0,42.0,41.0,43.0
61,48.0,43.0,36.0,57.0,44.0,49.0,35.0,44.0,39.0,41.0
62,46.0,43.0,39.0,52.0,44.0,47.0,36.0,46.0,39.0,41.0
63,45.0,43.0,42.0,49.0,43.0,47.0,40.0,46.0,39.0,39.0
64,42.0,42.0,41.0,46.0,40.0,41.0,43.0,44.0,45.0,40.0
65,40.0,40.0,41.0,45.0,40.0,38.0,41.0,41.0,46.0,40.0
66,39.0,37.0,40.0,43.0,39.0,41.0,42.0,41.0,45.0,42.0
67,32.0,34.0,41.0,44.0,38.0,44.0,42.0,41.0,42.0,44.0
68,35.0,34.0,42.0,43.0,36.0,42.0,43.0,41.0,38.0,44.0
69,33.0,35.0,42.0,44.0,33.0,42.0,43.0,39.0,37.0,44.0
70,33.0,35.0,39.0,43.0,36.0,41.0,41.0,41.0,37.0,41.0
71,33.0,38.0,37.0,45.0,30.0,39.0,37.0,40.0,36.0,44.0
72,32.0,43.0,36.0,49.0,30.0,38.0,37.0,38.0,37.0,42.0
73,31.0,44.0,34.0,46.0,32.0,37.0,37.0,37.0,36.0,39.0
74,31.0,48.0,32.0,42.0,31.0,35.0,36.0,37.0,34.0,37.0
75,31.0,48.0,32.0,41.0,33.0,34.0,38.0,42.0,33.0,37.0
76,30.0,48.0,32.0,38.0,35.0,32.0,39.0,43.0,31.0,37.0
77,32.0,49.0,32.0,37.0,37.0,34.0,37.0,42.0,31.0,35.0
78,32.0,44.0,32.0,35.0,37.0,35.0,36.0,42.0,31.0,33.0
79,31.0,44.0,30.0,35.0,34.0,41.0,36.0,39.0,28.0,36.0
80,30.0,45.0,29.0,35.0,33.0,40.0,36.0,37.0,27.0,36.0
81,31.0,42.0,31.0,34.0,32.0,41.0,36.0,37.0,27.0,36.0
82,31.0,37.0,31.0,31.0,32.0,43.0,39.0,36.0,26.0,36.0
83,28.0,39.0,27.0,32.0,30.0,44.0,40.0,35.0,30.0,36.0
84,27.0,39.0,28.0,31.0,30.0,44.0,39.0,34.0,29.0,37.0
85,26.0,44.0,28.0,30.0,30.0,43.0,39.0,29.0,27.0,37.0
86,25.0,48.0,30.0,29.0,30.0,41.0,36.0,30.0,25.0,38.0
87,25.0,48.0,30.0,27.0,30.0,40.0,37.0,28.0,25.0,40.0
88,24.0,46.0,31.0,27.0,32.0,37.0,37.0,31.0,24.0,39.0
89,24.0,45.0,31.0,28.0,33.0,35.0,38.0,30.0,23.0,37.0
90,21.0,44.0,29.0,28.0,32.0,35.0,36.0,33.0,25.0,37.0
91,19.0,43.0,26.0,26.0,31.0,33.0,34.0,33.0,27.0,35.0
92,18.0,45.0,28.0,25.0,31.0,34.0,32.0,38.0,27.0,34.0
93,19.0,44.0,28.0,20.0,32.0,34.0,32.0,37.0,26.0,34.0
94,19.0,41.0,26.0,19.0,31.0,35.0,33.0,36.0,25.0,32.0
95,19.0,40.0,26.0,17.0,29.0,36.0,34.0,36.0,23.0,33.0
96,19.0,40.0,28.0,16.0,29.0,36.0,37.0,32.0,22.0,31.0
97,19.0,39.0,27.0,16.0,29.0,40.0,39.0,30.0,21.0,35.0
98,19.0,37.0,27.0,15.0,30.0,41.0,37.0,30.0,20.0,34.0
99,18.0,38.0,26.0,16.0,27.0,45.0,34.0,26.0,21.0,33.0
100,15.0,37.0,26.0,16.0,25.0,47.0,35.0,24.0,21.0,34.0
101,15.0,31.0,27.0,18.0,24.0,48.0,35.0,20.0,21.0,34.0
102,15.0,30.0,28.0,22.0,25.0,48.0,35.0,19.0,22.0,34.0
103,19.0,30.0,29.0,25.0,25.0,44.0,31.0,19.0,26.0,33.0
104,20.0,29.0,30.0,27.0,26.0,42.0,29.0,18.0,23.0,33.0
105,20.0,28.0,28.0,28.0,26.0,43.0,27.0,18.0,24.0,32.0
106,18.0,29.0,29.0,29.0,28.0,46.0,25.0,18.0,23.0,30.0
107,18.0,27.0,30.0,30.0,31.0,45.0,22.0,17.0,23.0,30.0
108,18.0,24.0,29.0,32.0,33.0,45.0,22.0,17.0,22.0,30.0
109,17.0,28.0,33.0,32.0,33.0,44.0,20.0,17.0,22.0,30.0
110,16.0,28.0,31.0,32.0,31.0,44.0,19.0,16.0,22.0,30.0
111,16.0,28.0,30.0,30.0,33.0,43.0,20.0,16.0,20.0,27.0
112,15.0,29.0,31.0,29.0,30.0,42.0,18.0,16.0,17.0,27.0
113,15.0,33.0,31.0,29.0,29.0,41.0,16.0,17.0,18.0,27.0
114,14.0,35.0,32.0,29.0,28.0,42.0,16.0,19.0,17.0,27.0
115,15.0,32.0,34.0,29.0,27.0,40.0,17.0,19.0,17.0,26.0
116,20.0,28.0,34.0,28.0,26.0,38.0,16.0,20.0,17.0,27.0
117,22.0,29.0,36.0,23.0,23.0,36.0,17.0,20.0,17.0,27.0
118,24.0,29.0,38.0,22.0,23.0,36.0,16.0,24.0,17.0,27.0
119,27.0,28.0,36.0,22.0,22.0,33.0,17.0,27.0,18.0,27.0
120,27.0,28.0,36.0,21.0,24.0,33.0,14.0,27.0,19.0,27.0
121,23.0,26.0,35.0,22.0,26.0,30.0,14.0,26.0,18.0,26.0
122,23.0,24.0,38.0,23.0,27.0,30.0,13.0,26.0,18.0,26.0
123,23.0,27.0,40.0,22.0,23.0,28.0,13.0,25.0,17.0,23.0
124,21.0,29.0,42.0,24.0,23.0,27.0,13.0,27.0,18.0,22.0
125,19.0,29.0,41.0,25.0,21.0,27.0,12.0,26.0,18.0,24.0
126,18.0,30.0,42.0,28.0,20.0,26.0,11.0,26.0,17.0,23.0
127,17.0,32.0,43.0,28.0,20.0,25.0,11.0,26.0,17.0,22.0
128,17.0,32.0,41.0,25.0,19.0,26.0,11.0,25.0,17.0,22.0
129,15.0,30.0,41.0,24.0,21.0,25.0,11.0,26.0,17.0,22.0
130,15.0,30.0,42.0,24.0,22.0,25.0,11.0,26.0,18.0,20.0
131,15.0,29.0,42.0,25.0,21.0,28.0,11.0,26.0,19.0,20.0
132,14.0,28.0,42.0,24.0,22.0,27.0,9.0,24.0,22.0,19.0
133,14.0,27.0,42.0,26.0,23.0,26.0,10.0,22.0,20.0,19.0
134,14.0,29.0,39.0,29.0,24.0,27.0,9.0,21.0,20.0,20.0
135,14.0,28.0,37.0,29.0,23.0,25.0,9.0,20.0,18.0,16.0
136,14.0,26.0,34.0,31.0,23.0,24.0,8.0,19.0,17.0,16.0
137,13.0,26.0,31.0,34.0,23.0,23.0,8.0,16.0,16.0,15.0
138,15.0,30.0,29.0,32.0,23.0,25.0,8.0,15.0,16.0,15.0
139,15.0,32.0,29.0,32.0,23.0,26.0,10.0,15.0,16.0,16.0
140,14.0,32.0,26.0,32.0,23.0,26.0,9.0,14.0,14.0,14.0
141,14.0,32.0,23.0,36.0,22.0,25.0,12.0,14.0,13.0,13.0
142,14.0,31.0,20.0,38.0,21.0,25.0,13.0,11.0,12.0,12.0
143,13.0,30.0,19.0,38.0,19.0,23.0,12.0,10.0,11.0,11.0
144,13.0,29.0,20.0,37.0,18.0,26.0,14.0,10.0,11.0,10.0
145,12.0,29.0,20.0,36.0,18.0,25.0,16.0,10.0,11.0,10.0
146,11.0,29.0,19.0,37.0,18.0,28.0,17.0,10.0,10.0,11.0
147,10.0,29.0,20.0,38.0,18.0,29.0,18.0,10.0,10.0,10.0
148,9.0,28.0,19.0,38.0,23.0,31.0,18.0,10.0,8.0,10.0
149,10.0,23.0,19.0,38.0,22.0,30.0,19.0,10.0,8.0,10.0
150,10.0,24.0,19.0,36.0,22.0,30.0,19.0,10.0,8.0,10.0
151,11.0,29.0,19.0,37.0,21.0,31.0,19.0,10.0,9.0,10.0
152,12.0,32.0,19.0,34.0,21.0,29.0,19.0,10.0,9.0,7.0
153,13.0,32.0,15.0,33.0,21.0,28.0,19.0,9.0,9.0,11.0
154,14.0,36.0,14.0,34.0,22.0,27.0,18.0,9.0,8.0,16.0
155,14.0,36.0,13.0,32.0,20.0,28.0,17.0,11.0,8.0,19.0
156,15.0,37.0,12.0,31.0,22.0,27.0,15.0,10.0,7.0,23.0
157,15.0,38.0,12.0,30.0,21.0,26.0,13.0,10.0,8.0,25.0
158,15.0,39.0,12.0,31.0,20.0,27.0,13.0,9.0,7.0,24.0
159,14.0,37.0,11.0,32.0,20.0,27.0,13.0,8.0,7.0,25.0
160,14.0,37.0,12.0,32.0,18.0,29.0,14.0,10.0,7.0,24.0
161,13.0,37.0,12.0,30.0,18.0,29.0,16.0,11.0,7.0,22.0
162,14.0,37.0,12.0,29.0,18.0,28.0,16.0,11.0,8.0,21.0
163,14.0,38.0,12.0,29.0,18.0,28.0,16.0,11.0,8.0,20.0
164,14.0,37.0,13.0,27.0,18.0,30.0,18.0,11.0,8.0,20.0
165,14.0,37.0,13.0,25.0,17.0,32.0,18.0,11.0,9.0,20.0
166,14.0,36.0,12.0,23.0,17.0,32.0,18.0,11.0,11.0,20.0
167,14.0,36.0,12.0,23.0,17.0,32.0,17.0,11.0,14.0,20.0
168,14.0,34.0,10.0,24.0,17.0,33.0,16.0,11.0,15.0,18.0
169,15.0,33.0,9.0,22.0,17.0,34.0,15.0,10.0,15.0,18.0
170,17.0,34.0,9.0,22.0,16.0,33.0,14.0,8.0,15.0,18.0
171,20.0,35.0,8.0,22.0,15.0,32.0,14.0,8.0,14.0,18.0
172,19.0,35.0,8.0,22.0,15.0,32.0,14.0,7.0,14.0,18.0
173,18.0,34.0,7.0,21.0,15.0,33.0,15.0,9.0,14.0,18.0
174,18.0,33.0,8.0,20.0,15.0,30.0,15.0,11.0,13.0,17.0
175,19.0,32.0,8.0,19.0,14.0,29.0,14.0,11.0,12.0,17.0
176,21.0,31.0,10.0,18.0,14.0,27.0,12.0,12.0,12.0,16.0
177,20.0,31.0,11.0,17.0,14.0,28.0,11.0,12.0,12.0,15.0
178,22.0,30.0,11.0,17.0,13.0,28.0,11.0,12.0,12.0,16.0
179,22.0,30.0,13.0,16.0,12.0,28.0,11.0,12.0,12.0,15.0
180,22.0,29.0,14.0,16.0,12.0,28.0,11.0,12.0,12.0,15.0
181,21.0,35.0,13.0,14.0,12.0,28.0,11.0,10.0,11.0,14.0
182,23.0,35.0,13.0,14.0,11.0,29.0,11.0,10.0,11.0,14.0
183,23.0,32.0,13.0,13.0,11.0,30.0,11.0,10.0,11.0,16.0
184,22.0,30.0,14.0,13.0,10.0,31.0,10.0,11.0,11.0,16.0
185,22.0,30.0,15.0,13.0,9.0,31.0,10.0,11.0,11.0,15.0
186,22.0,30.0,17.0,13.0,8.0,31.0,10.0,11.0,10.0,15.0
187,22.0,32.0,17.0,13.0,8.0,32.0,10.0,10.0,11.0,15.0
188,22.0,35.0,17.0,13.0,8.0,30.0,10.0,10.0,12.0,13.0
189,23.0,35.0,16.0,17.0,8.0,29.0,9.0,10.0,12.0,13.0
190,23.0,35.0,15.0,22.0,7.0,28.0,9.0,9.0,12.0,12.0
191,22.0,32.0,15.0,23.0,7.0,28.0,9.0,8.0,11.0,12.0
192,22.0,30.0,15.0,23.0,7.0,28.0,9.0,8.0,11.0,11.0
193,21.0,29.0,15.0,21.0,7.0,27.0,8.0,13.0,12.0,12.0
194,22.0,30.0,15.0,22.0,7.0,25.0,9.0,14.0,12.0,14.0
195,22.0,30.0,16.0,22.0,7.0,24.0,13.0,13.0,11.0,15.0
196,23.0,31.0,17.0,22.0,7.0,22.0,15.0,13.0,11.0,14.0
197,20.0,30.0,16.0,22.0,8.0,21.0,15.0,13.0,11.0,14.0
198,21.0,29.0,15.0,22.0,8.0,22.0,15.0,13.0,11.0,12.0
199,20.0,30.0,15.0,22.0,8.0,22.0,14.0,13.0,10.0,12.0
200,20.0,31.0,15.0,23.0,8.0,22.0,14.0,13.0,9.0,12.0
201,19.0,32.0,16.0,21.0,8.0,24.0,15.0,12.0,12.0,12.0
202,20.0,31.0,16.0,22.0,8.0,25.0,14.0,13.0,12.0,11.0
203,19.0,30.0,15.0,21.0,8.0,29.0,14.0,12.0,13.0,11.0
204,17.0,29.0,15.0,25.0,8.0,29.0,13.0,12.0,13.0,12.0
205,18.0,30.0,15.0,28.0,5.0,27.0,12.0,12.0,14.0,12.0
206,17.0,29.0,14.0,29.0,5.0,28.0,12.0,12.0,14.0,11.0
207,14.0,30.0,16.0,29.0,5.0,27.0,12.0,11.0,14.0,10.0
208,11.0,29.0,13.0,30.0,7.0,27.0,12.0,11.0,13.0,10.0
209,12.0,25.0,13.0,30.0,8.0,27.0,12.0,11.0,13.0,12.0
210,12.0,25.0,11.0,30.0,8.0,26.0,12.0,11.0,13.0,11.0
211,11.0,25.0,11.0,30.0,8.0,27.0,11.0,11.0,13.0,10.0
212,11.0,28.0,17.0,30.0,8.0,27.0,10.0,11.0,13.0,10.0
213,11.0,27.0,19.0,29.0,8.0,25.0,10.0,11.0,13.0,13.0
214,11.0,29.0,21.0,31.0,7.0,26.0,10.0,10.0,13.0,14.0
215,11.0,29.0,22.0,30.0,11.0,26.0,10.0,7.0,13.0,12.0
216,13.0,28.0,24.0,32.0,13.0,27.0,10.0,7.0,11.0,11.0
217,13.0,28.0,23.0,31.0,12.0,28.0,10.0,7.0,10.0,10.0
218,13.0,27.0,24.0,31.0,11.0,28.0,8.0,6.0,10.0,11.0
219,12.0,29.0,24.0,30.0,11.0,29.0,9.0,6.0,11.0,15.0
220,12.0,30.0,24.0,29.0,11.0,28.0,12.0,6.0,11.0,15.0
221,12.0,30.0,24.0,29.0,12.0,30.0,11.0,6.0,11.0,15.0
222,13.0,30.0,24.0,27.0,12.0,29.0,11.0,8.0,11.0,15.0
223,13.0,31.0,24.0,28.0,10.0,29.0,11.0,8.0,11.0,14.0
224,12.0,32.0,22.0,28.0,9.0,31.0,9.0,7.0,10.0,15.0
225,12.0,32.0,21.0,28.0,10.0,32.0,8.0,6.0,9.0,14.0
226,12.0,33.0,21.0,29.0,11.0,32.0,8.0,6.0,9.0,14.0
227,13.0,32.0,22.0,27.0,12.0,30.0,8.0,6.0,8.0,14.0
228,14.0,32.0,22.0,27.0,14.0,33.0,8.0,6.0,8.0,14.0
229,16.0,34.0,23.0,27.0,14.0,34.0,9.0,6.0,8.0,14.0
230,16.0,34.0,22.0,28.0,15.0,34.0,9.0,6.0,8.0,15.0
231,16.0,33.0,21.0,23.0,12.0,33.0,10.0,8.0,8.0,15.0
232,14.0,33.0,21.0,22.0,13.0,33.0,12.0,8.0,7.0,15.0
233,13.0,31.0,20.0,24.0,13.0,32.0,12.0,8.0,7.0,14.0
234,12.0,31.0,21.0,24.0,15.0,33.0,12.0,8.0,7.0,13.0
235,12.0,30.0,22.0,23.0,17.0,33.0,12.0,8.0,7.0,11.0
236,13.0,30.0,21.0,23.0,17.0,31.0,11.0,8.0,6.0,13.0
237,11.0,30.0,22.0,23.0,15.0,31.0,11.0,8.0,8.0,13.0
238,12.0,29.0,21.0,22.0,14.0,31.0,11.0,8.0,8.0,13.0
239,9.0,29.0,22.0,19.0,14.0,30.0,11.0,8.0,7.0,18.0
240,10.0,31.0,21.0,20.0,12.0,29.0,11.0,8.0,6.0,21.0
241,10.0,31.0,20.0,16.0,12.0,29.0,12.0,8.0,6.0,24.0
242,11.0,31.0,20.0,17.0,12.0,30.0,12.0,7.0,7.0,25.0
243,12.0,31.0,19.0,17.0,11.0,30.0,12.0,7.0,8.0,26.0
244,13.0,30.0,17.0,17.0,11.0,30.0,10.0,7.0,10.0,28.0
245,13.0,29.0,17.0,17.0,12.0,29.0,13.0,7.0,9.0,27.0
246,15.0,30.0,16.0,17.0,12.0,30.0,12.0,5.0,9.0,28.0
247,16.0,29.0,17.0,17.0,12.0,31.0,12.0,6.0,8.0,27.0
248,16.0,31.0,17.0,17.0,11.0,32.0,12.0,6.0,8.0,27.0
249,17.0,31.0,17.0,17.0,10.0,33.0,12.0,5.0,8.0,26.0
250,15.0,31.0,19.0,17.0,10.0,34.0,12.0,5.0,8.0,26.0
251,13.0,30.0,19.0,17.0,10.0,33.0,12.0,5.0,9.0,25.0
252,13.0,30.0,20.0,18.0,10.0,32.0,12.0,6.0,9.0,25.0
253,13.0,31.0,23.0,21.0,10.0,30.0,9.0,6.0,9.0,25.0
254,11.0,29.0,23.0,21.0,10.0,31.0,10.0,7.0,9.0,26.0
255,11.0,30.0,23.0,20.0,10.0,28.0,9.0,7.0,9.0,27.0
256,11.0,32.0,21.0,20.0,10.0,27.0,9.0,7.0,9.0,25.0
257,11.0,32.0,22.0,20.0,9.0,24.0,9.0,6.0,9.0,25.0
258,11.0,31.0,23.0,20.0,8.0,22.0,9.0,7.0,8.0,23.0
259,12.0,30.0,23.0,25.0,6.0,23.0,8.0,7.0,8.0,24.0
260,13.0,26.0,22.0,25.0,6.0,23.0,7.0,6.0,8.0,24.0
261,11.0,27.0,22.0,24.0,6.0,22.0,8.0,6.0,8.0,24.0
262,12.0,26.0,21.0,24.0,4.0,21.0,8.0,6.0,11.0,24.0
263,14.0,24.0,21.0,25.0,5.0,20.0,8.0,6.0,12.0,24.0
264,12.0,22.0,20.0,23.0,5.0,20.0,10.0,6.0,13.0,24.0
265,12.0,22.0,19.0,23.0,6.0,20.0,10.0,5.0,12.0,23.0
266,14.0,23.0,18.0,23.0,6.0,21.0,10.0,5.0,11.0,21.0
267,15.0,23.0,18.0,24.0,10.0,20.0,10.0,6.0,11.0,21.0
268,15.0,23.0,18.0,24.0,10.0,20.0,8.0,8.0,11.0,17.0
269,14.0,25.0,19.0,26.0,9.0,23.0,8.0,8.0,11.0,17.0
270,14.0,26.0,19.0,27.0,9.0,23.0,9.0,8.0,11.0,16.0
271,14.0,25.0,18.0,27.0,8.0,21.0,8.0,9.0,11.0,16.0
272,14.0,24.0,18.0,27.0,7.0,21.0,8.0,9.0,11.0,15.0
273,16.0,26.0,18.0,27.0,7.0,20.0,6.0,9.0,12.0,13.0
274,15.0,26.0,18.0,25.0,7.0,21.0,6.0,9.0,12.0,15.0
275,13.0,25.0,18.0,25.0,7.0,21.0,6.0,9.0,13.0,16.0
276,12.0,27.0,18.0,25.0,10.0,20.0,6.0,9.0,14.0,14.0
277,12.0,28.0,18.0,24.0,13.0,18.0,6.0,9.0,13.0,13.0
278,14.0,26.0,18.0,23.0,14.0,18.0,6.0,9.0,14.0,13.0
279,15.0,27.0,18.0,23.0,14.0,19.0,7.0,9.0,14.0,12.0
280,15.0,27.0,16.0,23.0,14.0,19.0,7.0,11.0,14.0,12.0
281,15.0,27.0,16.0,23.0,14.0,19.0,8.0,12.0,14.0,11.0
282,14.0,27.0,14.0,23.0,14.0,19.0,8.0,12.0,13.0,11.0
283,15.0,26.0,13.0,23.0,14.0,17.0,8.0,12.0,13.0,11.0
284,15.0,27.0,15.0,22.0,13.0,18.0,10.0,12.0,13.0,11.0
285,16.0,28.0,17.0,22.0,13.0,17.0,11.0,12.0,13.0,11.0
286,16.0,29.0,17.0,20.0,12.0,15.0,10.0,12.0,13.0,10.0
287,18.0,28.0,14.0,23.0,11.0,15.0,9.0,12.0,11.0,10.0
288,17.0,28.0,14.0,22.0,10.0,15.0,9.0,12.0,11.0,10.0
289,16.0,30.0,13.0,22.0,9.0,17.0,9.0,12.0,11.0,10.0
290,16.0,30.0,13.0,22.0,9.0,16.0,9.0,12.0,11.0,10.0
291,16.0,30.0,12.0,23.0,9.0,16.0,9.0,12.0,11.0,10.0
292,16.0,30.0,11.0,23.0,9.0,16.0,8.0,12.0,11.0,9.0
293,16.0,32.0,11.0,23.0,10.0,16.0,9.0,10.0,9.0,9.0
294,21.0,30.0,11.0,23.0,9.0,14.0,9.0,10.0,9.0,11.0
295,22.0,30.0,11.0,21.0,9.0,14.0,10.0,10.0,9.0,11.0
296,24.0,30.0,10.0,20.0,9.0,15.0,10.0,12.0,8.0,10.0
297,24.0,30.0,11.0,21.0,9.0,15.0,10.0,13.0,9.0,10.0
298,24.0,31.0,10.0,22.0,8.0,16.0,10.0,13.0,8.0,10.0
299,23.0,30.0,10.0,21.0,7.0,14.0,9.0,13.0,10.0,12.0
300,23.0,30.0,9.0,22.0,8.0,14.0,9.0,13.0,9.0,14.0
301,22.0,30.0,9.0,21.0,7.0,14.0,8.0,13.0,11.0,14.0
302,22.0,30.0,9.0,21.0,7.0,14.0,9.0,14.0,11.0,13.0
303,22.0,29.0,9.0,21.0,7.0,16.0,10.0,14.0,12.0,14.0
304,21.0,29.0,9.0,20.0,6.0,18.0,10.0,14.0,11.0,13.0
305,21.0,30.0,10.0,20.0,6.0,18.0,8.0,14.0,11.0,12.0
306,21.0,29.0,12.0,20.0,5.0,18.0,8.0,14.0,11.0,12.0
307,21.0,28.0,12.0,20.0,5.0,17.0,7.0,15.0,11.0,12.0
308,21.0,27.0,12.0,21.0,5.0,17.0,6.0,16.0,11.0,12.0
309,18.0,27.0,13.0,22.0,5.0,19.0,6.0,16.0,10.0,12.0
310,18.0,27.0,18.0,20.0,5.0,19.0,8.0,16.0,11.0,12.0
311,19.0,27.0,17.0,20.0,5.0,19.0,9.0,16.0,14.0,11.0
312,18.0,28.0,18.0,20.0,5.0,18.0,10.0,16.0,14.0,11.0
313,17.0,28.0,19.0,19.0,5.0,18.0,10.0,15.0,14.0,10.0
314,18.0,26.0,18.0,18.0,5.0,17.0,9.0,12.0,14.0,12.0
315,18.0,26.0,18.0,17.0,5.0,18.0,10.0,12.0,14.0,13.0
316,19.0,27.0,18.0,16.0,5.0,17.0,10.0,12.0,14.0,14.0
317,15.0,27.0,18.0,13.0,5.0,17.0,9.0,11.0,13.0,13.0
318,13.0,26.0,18.0,13.0,6.0,15.0,9.0,11.0,13.0,14.0
319,13.0,25.0,18.0,12.0,6.0,16.0,8.0,11.0,12.0,15.0
320,12.0,25.0,18.0,13.0,6.0,18.0,8.0,11.0,13.0,15.0
321,13.0,24.0,18.0,11.0,6.0,19.0,10.0,10.0,13.0,16.0
322,13.0,23.0,18.0,9.0,6.0,19.0,9.0,10.0,14.0,14.0
323,13.0,23.0,18.0,9.0,7.0,18.0,9.0,10.0,15.0,15.0
324,13.0,22.0,18.0,10.0,6.0,19.0,10.0,10.0,14.0,14.0
325,13.0,22.0,18.0,11.0,6.0,17.0,10.0,10.0,16.0,14.0
326,13.0,20.0,18.0,10.0,6.0,17.0,10.0,10.0,17.0,14.0
327,13.0,21.0,18.0,10.0,5.0,17.0,9.0,11.0,20.0,14.0
328,14.0,21.0,18.0,10.0,5.0,15.0,9.0,11.0,20.0,15.0
329,13.0,20.0,18.0,10.0,4.0,17.0,8.0,14.0,20.0,15.0
330,13.0,21.0,18.0,9.0,4.0,15.0,9.0,13.0,24.0,15.0
331,12.0,21.0,16.0,8.0,3.0,15.0,9.0,11.0,25.0,15.0
332,13.0,22.0,16.0,7.0,4.0,13.0,9.0,9.0,25.0,15.0
333,14.0,22.0,16.0,8.0,5.0,13.0,9.0,10.0,24.0,16.0
334,15.0,22.0,16.0,7.0,5.0,14.0,8.0,10.0,23.0,17.0
335,15.0,22.0,15.0,6.0,6.0,14.0,7.0,10.0,22.0,17.0
336,15.0,23.0,15.0,6.0,8.0,14.0,7.0,10.0,24.0,17.0
337,15.0,23.0,15.0,6.0,9.0,14.0,7.0,10.0,24.0,16.0
338,15.0,25.0,15.0,6.0,9.0,14.0,7.0,9.0,23.0,16.0
339,14.0,24.0,15.0,6.0,9.0,12.0,7.0,9.0,23.0,16.0
340,15.0,24.0,15.0,7.0,11.0,12.0,6.0,10.0,22.0,15.0
341,15.0,25.0,15.0,8.0,13.0,11.0,7.0,11.0,22.0,16.0
342,15.0,24.0,13.0,8.0,13.0,10.0,6.0,11.0,22.0,15.0
343,15.0,25.0,12.0,8.0,13.0,11.0,6.0,11.0,22.0,15.0
344,14.0,25.0,12.0,6.0,13.0,11.0,6.0,12.0,22.0,15.0
345,14.0,25.0,12.0,6.0,12.0,13.0,6.0,12.0,22.0,15.0
346,15.0,24.0,13.0,6.0,12.0,12.0,5.0,12.0,22.0,15.0
347,15.0,23.0,15.0,6.0,13.0,13.0,4.0,12.0,22.0,13.0
348,13.0,23.0,15.0,5.0,14.0,12.0,6.0,12.0,22.0,13.0
349,11.0,22.0,17.0,9.0,14.0,12.0,8.0,11.0,22.0,13.0
350,11.0,20.0,17.0,9.0,14.0,11.0,8.0,9.0,22.0,15.0
351,11.0,18.0,18.0,11.0,14.0,10.0,8.0,9.0,20.0,18.0
352,11.0,18.0,17.0,12.0,14.0,9.0,8.0,10.0,16.0,18.0
353,11.0,19.0,16.0,13.0,13.0,10.0,6.0,9.0,16.0,19.0
354,10.0,17.0,16.0,14.0,14.0,11.0,4.0,9.0,15.0,19.0
355,10.0,17.0,16.0,13.0,16.0,10.0,4.0,10.0,15.0,19.0
356,10.0,18.0,15.0,13.0,16.0,10.0,4.0,10.0,15.0,17.0
357,10.0,17.0,17.0,14.0,17.0,10.0,5.0,10.0,15.0,16.0
358,10.0,18.0,16.0,14.0,18.0,10.0,7.0,10.0,13.0,16.0
359,10.0,17.0,15.0,14.0,18.0,12.0,7.0,10.0,11.0,14.0
360,10.0,16.0,15.0,14.0,18.0,15.0,6.0,11.0,11.0,14.0
361,10.0,18.0,15.0,15.0,18.0,17.0,7.0,11.0,12.0,13.0
362,10.0,18.0,15.0,15.0,17.0,16.0,9.0,11.0,12.0,13.0
363,10.0,17.0,15.0,14.0,17.0,17.0,10.0,10.0,12.0,13.0
364,11.0,18.0,15.0,14.0,17.0,16.0,9.0,10.0,13.0,13.0
365,12.0,17.0,15.0,14.0,17.0,15.0,10.0,11.0,11.0,12.0
366,12.0,17.0,15.0,13.0,16.0,15.0,10.0,11.0,11.0,11.0
367,14.0,17.0,15.0,12.0,16.0,15.0,10.0,11.0,11.0,11.0
368,14.0,16.0,15.0,12.0,15.0,15.0,11.0,11.0,10.0,11.0
369,12.0,15.0,18.0,12.0,14.0,18.0,11.0,11.0,10.0,11.0
370,12.0,16.0,18.0,12.0,14.0,17.0,11.0,11.0,10.0,12.0
371,10.0,15.0,18.0,12.0,14.0,17.0,11.0,11.0,7.0,12.0
372,10.0,15.0,18.0,12.0,14.0,16.0,11.0,12.0,7.0,12.0
373,10.0,15.0,19.0,13.0,14.0,16.0,10.0,12.0,7.0,12.0
374,10.0,13.0,18.0,13.0,14.0,17.0,10.0,12.0,8.0,12.0
375,9.0,12.0,18.0,13.0,13.0,18.0,10.0,12.0,8.0,14.0
376,9.0,13.0,19.0,13.0,12.0,18.0,10.0,12.0,8.0,14.0
377,9.0,11.0,18.0,13.0,12.0,18.0,11.0,12.0,10.0,13.0
378,9.0,11.0,19.0,13.0,12.0,17.0,11.0,13.0,11.0,12.0
379,12.0,10.0,18.0,10.0,12.0,18.0,12.0,13.0,11.0,12.0
380,13.0,9.0,18.0,9.0,11.0,18.0,13.0,13.0,11.0,10.0
381,12.0,9.0,18.0,9.0,11.0,19.0,13.0,12.0,11.0,11.0
382,13.0,9.0,16.0,8.0,10.0,18.0,13.0,12.0,12.0,11.0
383,13.0,9.0,16.0,8.0,9.0,18.0,13.0,14.0,10.0,10.0
384,13.0,9.0,15.0,7.0,10.0,17.0,13.0,15.0,10.0,10.0
385,13.0,9.0,15.0,6.0,9.0,16.0,12.0,17.0,10.0,10.0
386,13.0,9.0,15.0,7.0,9.0,16.0,12.0,18.0,10.0,10.0
387,14.0,9.0,15.0,7.0,10.0,15.0,12.0,19.0,10.0,8.0
388,14.0,10.0,14.0,6.0,9.0,15.0,12.0,18.0,10.0,8.0
389,12.0,10.0,14.0,6.0,8.0,16.0,12.0,19.0,11.0,9.0
390,11.0,10.0,14.0,5.0,9.0,17.0,11.0,19.0,11.0,9.0
391,9.0,10.0,13.0,5.0,9.0,16.0,11.0,19.0,10.0,9.0
392,9.0,11.0,13.0,5.0,11.0,17.0,11.0,19.0,10.0,9.0
393,9.0,10.0,13.0,6.0,10.0,16.0,11.0,20.0,10.0,9.0
394,9.0,11.0,13.0,6.0,9.0,16.0,11.0,20.0,9.0,10.0
395,9.0,10.0,11.0,7.0,9.0,18.0,10.0,22.0,9.0,10.0
396,9.0,11.0,11.0,7.0,9.0,19.0,11.0,24.0,11.0,10.0
397,10.0,10.0,11.0,7.0,10.0,19.0,12.0,23.0,10.0,10.0
398,10.0,10.0,12.0,7.0,9.0,18.0,12.0,23.0,10.0,9.0
399,11.0,9.0,12.0,7.0,10.0,19.0,12.0,23.0,11.0,7.0
400,11.0,9.0,10.0,7.0,9.0,19.0,12.0,23.0,11.0,7.0
401,11.0,9.0,9.0,8.0,12.0,20.0,13.0,23.0,11.0,7.0
402,11.0,9.0,9.0,8.0,13.0,19.0,13.0,22.0,12.0,7.0
403,11.0,10.0,9.0,8.0,13.0,18.0,12.0,22.0,13.0,8.0
404,10.0,12.0,10.0,8.0,13.0,17.0,12.0,22.0,13.0,8.0
405,11.0,12.0,11.0,8.0,13.0,17.0,12.0,21.0,14.0,7.0
406,10.0,11.0,12.0,8.0,13.0,18.0,10.0,21.0,14.0,6.0
407,11.0,11.0,12.0,8.0,14.0,19.0,10.0,19.0,14.0,5.0
408,11.0,14.0,12.0,8.0,13.0,17.0,10.0,19.0,14.0,5.0
409,11.0,14.0,12.0,7.0,13.0,18.0,10.0,19.0,15.0,6.0
410,12.0,14.0,12.0,7.0,13.0,18.0,10.0,19.0,14.0,7.0
411,13.0,14.0,12.0,7.0,13.0,18.0,10.0,20.0,14.0,6.0
412,14.0,13.0,11.0,7.0,13.0,19.0,10.0,18.0,13.0,5.0
413,13.0,13.0,11.0,6.0,13.0,19.0,10.0,17.0,13.0,6.0
414,13.0,13.0,11.0,7.0,12.0,17.0,10.0,18.0,14.0,7.0
415,13.0,13.0,11.0,6.0,12.0,16.0,10.0,17.0,13.0,7.0
416,13.0,14.0,11.0,7.0,12.0,17.0,9.0,16.0,13.0,7.0
417,13.0,13.0,10.0,7.0,13.0,17.0,9.0,17.0,14.0,8.0
418,13.0,12.0,11.0,7.0,14.0,17.0,9.0,17.0,15.0,8.0
419,13.0,12.0,13.0,5.0,14.0,15.0,9.0,16.0,15.0,8.0
420,13.0,10.0,14.0,5.0,14.0,15.0,8.0,14.0,13.0,10.0
421,13.0,10.0,14.0,6.0,14.0,14.0,9.0,13.0,12.0,11.0
422,14.0,9.0,13.0,6.0,14.0,14.0,8.0,12.0,14.0,11.0
423,14.0,9.0,12.0,6.0,14.0,14.0,7.0,14.0,14.0,11.0
424,14.0,8.0,12.0,7.0,12.0,12.0,5.0,14.0,14.0,10.0
425,13.0,7.0,12.0,8.0,11.0,12.0,5.0,13.0,14.0,9.0
426,13.0,6.0,11.0,8.0,11.0,12.0,5.0,14.0,13.0,9.0
427,14.0,6.0,12.0,10.0,11.0,12.0,5.0,14.0,13.0,9.0
428,14.0,7.0,12.0,8.0,9.0,12.0,4.0,14.0,12.0,8.0
429,17.0,7.0,13.0,9.0,9.0,11.0,4.0,14.0,13.0,9.0
430,18.0,8.0,13.0,9.0,9.0,12.0,3.0,14.0,15.0,9.0
431,18.0,8.0,14.0,10.0,9.0,9.0,3.0,15.0,16.0,9.0
432,18.0,8.0,14.0,12.0,9.0,9.0,3.0,15.0,15.0,9.0
433,17.0,9.0,15.0,13.0,9.0,8.0,5.0,15.0,15.0,9.0
434,17.0,8.0,14.0,15.0,9.0,7.0,5.0,14.0,16.0,9.0
435,18.0,8.0,14.0,15.0,9.0,7.0,5.0,14.0,16.0,9.0
436,18.0,8.0,13.0,14.0,10.0,8.0,6.0,14.0,16.0,9.0
437,17.0,8.0,12.0,14.0,12.0,8.0,6.0,15.0,16.0,11.0
438,17.0,8.0,13.0,14.0,12.0,6.0,7.0,12.0,18.0,13.0
439,22.0,7.0,14.0,14.0,12.0,6.0,7.0,13.0,18.0,14.0
440,23.0,7.0,15.0,12.0,11.0,8.0,7.0,12.0,18.0,14.0
441,22.0,6.0,14.0,12.0,10.0,9.0,8.0,12.0,18.0,13.0
442,22.0,6.0,14.0,12.0,9.0,9.0,8.0,13.0,20.0,14.0
443,22.0,6.0,13.0,12.0,9.0,9.0,9.0,13.0,20.0,12.0
444,21.0,6.0,13.0,12.0,9.0,9.0,11.0,14.0,19.0,12.0
445,21.0,6.0,12.0,12.0,10.0,9.0,12.0,14.0,17.0,12.0
446,21.0,6.0,13.0,13.0,10.0,9.0,11.0,14.0,17.0,11.0
447,21.0,6.0,13.0,13.0,10.0,8.0,11.0,15.0,17.0,11.0
448,21.0,6.0,13.0,12.0,9.0,8.0,11.0,15.0,16.0,10.0
449,21.0,6.0,14.0,12.0,7.0,8.0,11.0,13.0,16.0,10.0
450,21.0,6.0,13.0,12.0,7.0,8.0,11.0,11.0,17.0,10.0
451,19.0,6.0,13.0,12.0,6.0,8.0,10.0,11.0,18.0,9.0
452,20.0,7.0,11.0,12.0,6.0,8.0,10.0,10.0,17.0,9.0
453,20.0,7.0,12.0,12.0,5.0,10.0,10.0,8.0,17.0,9.0
454,20.0,7.0,12.0,12.0,5.0,8.0,10.0,8.0,17.0,9.0
455,20.0,7.0,12.0,12.0,7.0,7.0,10.0,8.0,18.0,9.0
456,20.0,7.0,11.0,11.0,8.0,8.0,10.0,8.0,17.0,9.0
457,21.0,6.0,10.0,10.0,9.0,8.0,10.0,8.0,17.0,9.0
458,21.0,4.0,10.0,10.0,9.0,8.0,11.0,8.0,16.0,9.0
459,19.0,4.0,8.0,9.0,9.0,8.0,10.0,7.0,16.0,9.0
460,19.0,8.0,8.0,9.0,10.0,8.0,10.0,7.0,15.0,9.0
461,18.0,9.0,7.0,8.0,8.0,10.0,11.0,7.0,15.0,9.0
462,19.0,9.0,7.0,8.0,7.0,10.0,11.0,9.0,15.0,8.0
463,19.0,9.0,7.0,8.0,6.0,10.0,11.0,9.0,15.0,8.0
464,19.0,9.0,7.0,8.0,6.0,10.0,11.0,11.0,13.0,8.0
465,19.0,8.0,7.0,8.0,6.0,10.0,12.0,11.0,13.0,5.0
466,19.0,7.0,8.0,9.0,3.0,11.0,12.0,11.0,13.0,5.0
467,19.0,7.0,8.0,9.0,3.0,11.0,15.0,11.0,13.0,6.0
468,19.0,8.0,8.0,8.0,4.0,11.0,16.0,10.0,13.0,7.0
469,19.0,11.0,8.0,8.0,4.0,12.0,16.0,10.0,13.0,8.0
470,16.0,10.0,8.0,7.0,4.0,12.0,16.0,8.0,12.0,8.0
471,16.0,11.0,7.0,7.0,4.0,12.0,16.0,8.0,11.0,7.0
472,16.0,11.0,6.0,7.0,4.0,12.0,16.0,8.0,11.0,7.0
473,16.0,11.0,6.0,7.0,6.0,13.0,15.0,8.0,11.0,7.0
474,15.0,11.0,6.0,8.0,6.0,13.0,15.0,8.0,12.0,7.0
475,17.0,11.0,6.0,6.0,6.0,12.0,15.0,8.0,12.0,7.0
476,17.0,11.0,6.0,6.0,7.0,13.0,15.0,8.0,12.0,7.0
477,17.0,11.0,6.0,6.0,8.0,14.0,15.0,9.0,12.0,7.0
478,18.0,11.0,6.0,6.0,8.0,14.0,15.0,9.0,14.0,7.0
479,18.0,11.0,6.0,7.0,8.0,11.0,14.0,8.0,13.0,7.0
480,18.0,12.0,6.0,7.0,7.0,10.0,13.0,10.0,12.0,7.0
481,17.0,12.0,6.0,6.0,9.0,10.0,12.0,10.0,11.0,6.0
482,17.0,12.0,7.0,5.0,8.0,10.0,12.0,11.0,9.0,7.0
483,17.0,12.0,8.0,5.0,8.0,10.0,12.0,11.0,10.0,7.0
484,16.0,12.0,8.0,5.0,7.0,10.0,12.0,11.0,11.0,8.0
485,16.0,12.0,8.0,5.0,7.0,10.0,12.0,12.0,10.0,7.0
486,16.0,12.0,8.0,6.0,7.0,10.0,13.0,12.0,11.0,6.0
487,15.0,12.0,8.0,7.0,7.0,10.0,12.0,11.0,11.0,5.0
488,15.0,12.0,8.0,9.0,7.0,10.0,12.0,11.0,11.0,5.0
489,16.0,13.0,8.0,9.0,7.0,9.0,12.0,10.0,11.0,4.0
490,17.0,13.0,8.0,9.0,7.0,11.0,11.0,9.0,10.0,4.0
491,17.0,13.0,8.0,10.0,7.0,12.0,11.0,9.0,10.0,4.0
492,17.0,13.0,8.0,10.0,7.0,12.0,11.0,9.0,9.0,4.0
493,19.0,12.0,7.0,10.0,8.0,12.0,11.0,9.0,9.0,3.0
494,18.0,12.0,7.0,11.0,8.0,12.0,12.0,9.0,8.0,3.0
495,17.0,10.0,7.0,11.0,8.0,11.0,12.0,9.0,8.0,3.0
496,18.0,10.0,7.0,10.0,8.0,12.0,13.0,9.0,9.0,3.0
497,19.0,9.0,7.0,10.0,8.0,12.0,12.0,10.0,11.0,5.0
498,19.0,9.0,7.0,10.0,8.0,12.0,13.0,10.0,12.0,5.0
499,19.0,8.0,7.0,11.0,8.0,11.0,14.0,9.0,12.0,5.0
500,19.0,9.0,7.0,11.0,7.0,11.0,14.0,9.0,11.0,5.0
501,18.0,8.0,7.0,11.0,7.0,11.0,14.0,9.0,10.0,6.0
502,18.0,7.0,7.0,12.0,7.0,10.0,13.0,10.0,10.0,7.0
503,17.0,7.0,6.0,12.0,7.0,9.0,13.0,10.0,10.0,7.0
504,17.0,8.0,6.0,12.0,7.0,9.0,13.0,10.0,11.0,7.0
505,17.0,8.0,6.0,12.0,7.0,9.0,16.0,10.0,11.0,7.0
506,17.0,8.0,6.0,13.0,6.0,9.0,17.0,9.0,10.0,7.0
507,16.0,8.0,5.0,13.0,6.0,10.0,17.0,7.0,11.0,7.0
508,16.0,8.0,5.0,13.0,8.0,10.0,17.0,7.0,11.0,7.0
509,16.0,8.0,5.0,13.0,9.0,10.0,18.0,7.0,10.0,7.0
510,15.0,8.0,5.0,13.0,9.0,10.0,19.0,5.0,10.0,7.0
511,14.0,8.0,5.0,15.0,9.0,10.0,19.0,5.0,8.0,7.0
512,15.0,8.0,5.0,15.0,8.0,11.0,19.0,5.0,7.0,7.0
513,14.0,10.0,8.0,15.0,8.0,10.0,18.0,5.0,7.0,7.0
514,15.0,10.0,8.0,15.0,7.0,9.0,18.0,5.0,7.0,7.0
515,15.0,11.0,8.0,15.0,7.0,9.0,18.0,5.0,9.0,7.0
516,15.0,11.0,9.0,13.0,7.0,10.0,17.0,5.0,9.0,7.0
517,15.0,12.0,9.0,16.0,7.0,10.0,17.0,5.0,9.0,7.0
518,14.0,11.0,8.0,18.0,7.0,9.0,17.0,4.0,10.0,7.0
519,16.0,10.0,8.0,16.0,6.0,9.0,18.0,2.0,10.0,7.0
520,15.0,9.0,8.0,16.0,6.0,9.0,19.0,2.0,10.0,7.0
521,15.0,10.0,8.0,16.0,6.0,9.0,19.0,2.0,9.0,8.0
522,13.0,9.0,7.0,15.0,6.0,9.0,20.0,3.0,8.0,9.0
523,13.0,8.0,7.0,17.0,7.0,9.0,20.0,3.0,8.0,9.0
524,13.0,8.0,7.0,16.0,7.0,9.0,20.0,3.0,9.0,9.0
525,14.0,7.0,7.0,16.0,6.0,8.0,19.0,4.0,9.0,9.0
526,15.0,5.0,7.0,16.0,7.0,8.0,19.0,4.0,8.0,7.0
527,17.0,5.0,7.0,16.0,7.0,8.0,19.0,4.0,9.0,7.0
528,17.0,4.0,7.0,15.0,6.0,8.0,20.0,4.0,9.0,8.0
529,17.0,4.0,7.0,15.0,7.0,8.0,20.0,5.0,10.0,8.0
530,16.0,4.0,7.0,15.0,6.0,7.0,20.0,6.0,10.0,8.0
531,15.0,4.0,7.0,14.0,6.0,6.0,21.0,6.0,9.0,7.0
532,15.0,4.0,7.0,15.0,4.0,6.0,20.0,6.0,9.0,5.0
533,16.0,4.0,7.0,14.0,4.0,6.0,21.0,6.0,9.0,5.0
534,16.0,5.0,7.0,14.0,4.0,5.0,21.0,6.0,10.0,5.0
535,16.0,5.0,7.0,15.0,5.0,5.0,21.0,6.0,10.0,5.0
536,16.0,5.0,6.0,14.0,6.0,5.0,19.0,6.0,10.0,5.0
537,16.0,5.0,6.0,14.0,6.0,5.0,19.0,6.0,9.0,5.0
538,16.0,5.0,6.0,13.0,5.0,6.0,19.0,6.0,11.0,5.0
539,17.0,5.0,6.0,13.0,5.0,6.0,18.0,6.0,10.0,5.0
540,16.0,6.0,7.0,13.0,6.0,6.0,19.0,5.0,9.0,5.0
541,17.0,6.0,8.0,14.0,6.0,6.0,19.0,5.0,10.0,5.0
542,17.0,5.0,7.0,14.0,6.0,6.0,20.0,5.0,10.0,5.0
543,17.0,4.0,7.0,15.0,6.0,5.0,20.0,4.0,13.0,4.0
544,16.0,4.0,7.0,14.0,5.0,5.0,20.0,4.0,13.0,4.0
545,18.0,5.0,7.0,14.0,5.0,5.0,20.0,4.0,13.0,4.0
546,18.0,6.0,7.0,15.0,6.0,4.0,19.0,4.0,13.0,4.0
547,19.0,6.0,7.0,15.0,6.0,5.0,20.0,4.0,12.0,4.0
548,20.0,6.0,7.0,15.0,5.0,5.0,21.0,4.0,12.0,4.0
549,19.0,5.0,8.0,14.0,4.0,5.0,22.0,4.0,13.0,7.0
550,19.0,6.0,8.0,14.0,4.0,4.0,22.0,4.0,12.0,6.0
551,19.0,6.0,7.0,12.0,4.0,4.0,22.0,4.0,11.0,6.0
552,20.0,6.0,6.0,12.0,4.0,5.0,21.0,3.0,11.0,7.0
553,20.0,6.0,6.0,12.0,4.0,5.0,20.0,3.0,11.0,9.0
554,21.0,6.0,7.0,12.0,4.0,4.0,18.0,4.0,11.0,8.0
555,21.0,6.0,7.0,12.0,4.0,4.0,18.0,3.0,11.0,8.0
556,21.0,6.0,7.0,11.0,4.0,4.0,20.0,3.0,11.0,5.0
557,20.0,6.0,7.0,14.0,4.0,4.0,19.0,4.0,12.0,5.0
558,18.0,6.0,7.0,15.0,4.0,4.0,18.0,4.0,13.0,6.0
559,19.0,6.0,7.0,15.0,4.0,3.0,18.0,3.0,13.0,5.0
560,18.0,6.0,7.0,14.0,3.0,3.0,18.0,3.0,13.0,5.0
561,18.0,6.0,7.0,15.0,2.0,3.0,18.0,3.0,13.0,5.0
562,17.0,6.0,7.0,14.0,3.0,3.0,18.0,3.0,13.0,5.0
563,17.0,5.0,7.0,14.0,3.0,3.0,16.0,2.0,12.0,4.0
564,18.0,5.0,8.0,14.0,3.0,3.0,16.0,2.0,12.0,4.0
565,18.0,5.0,8.0,12.0,3.0,3.0,15.0,2.0,11.0,5.0
566,17.0,5.0,8.0,12.0,3.0,3.0,15.0,2.0,11.0,5.0
567,17.0,5.0,8.0,12.0,3.0,3.0,15.0,2.0,9.0,4.0
568,15.0,7.0,8.0,11.0,2.0,3.0,15.0,2.0,9.0,5.0
569,15.0,7.0,8.0,10.0,2.0,4.0,14.0,2.0,9.0,6.0
570,16.0,7.0,8.0,10.0,2.0,5.0,14.0,2.0,7.0,7.0
571,17.0,7.0,8.0,10.0,2.0,4.0,14.0,2.0,7.0,6.0
572,18.0,7.0,8.0,11.0,2.0,6.0,15.0,2.0,6.0,5.0
573,18.0,7.0,9.0,11.0,2.0,6.0,16.0,2.0,6.0,4.0
574,19.0,7.0,9.0,11.0,2.0,7.0,17.0,2.0,6.0,4.0
575,19.0,7.0,9.0,11.0,2.0,6.0,16.0,2.0,6.0,5.0
576,19.0,6.0,9.0,11.0,3.0,7.0,17.0,2.0,6.0,5.0
577,21.0,6.0,8.0,10.0,3.0,6.0,18.0,3.0,6.0,6.0
578,20.0,4.0,9.0,10.0,3.0,6.0,17.0,3.0,6.0,6.0
579,22.0,4.0,9.0,10.0,3.0,6.0,17.0,2.0,6.0,6.0
580,21.0,4.0,9.0,10.0,3.0,6.0,16.0,2.0,6.0,7.0
581,21.0,4.0,9.0,10.0,3.0,6.0,16.0,2.0,6.0,6.0
582,20.0,4.0,9.0,9.0,3.0,6.0,15.0,2.0,6.0,5.0
583,20.0,4.0,8.0,9.0,3.0,6.0,16.0,2.0,6.0,5.0
584,19.0,4.0,8.0,9.0,2.0,6.0,16.0,2.0,7.0,5.0
585,19.0,4.0,9.0,9.0,2.0,6.0,15.0,2.0,7.0,6.0
586,19.0,4.0,10.0,10.0,3.0,6.0,14.0,2.0,7.0,6.0
587,19.0,5.0,10.0,10.0,3.0,6.0,14.0,2.0,7.0,5.0
588,19.0,5.0,7.0,10.0,2.0,7.0,14.0,2.0,7.0,5.0
589,19.0,5.0,8.0,9.0,2.0,8.0,15.0,3.0,7.0,5.0
590,19.0,5.0,9.0,9.0,2.0,8.0,17.0,3.0,6.0,5.0
591,19.0,6.0,8.0,8.0,2.0,8.0,17.0,3.0,6.0,5.0
592,20.0,4.0,9.0,9.0,2.0,9.0,18.0,3.0,5.0,4.0
593,20.0,4.0,9.0,8.0,2.0,9.0,18.0,3.0,5.0,4.0
594,20.0,4.0,9.0,8.0,2.0,9.0,17.0,3.0,5.0,4.0
595,20.0,3.0,10.0,7.0,2.0,7.0,19.0,3.0,5.0,4.0
596,20.0,3.0,10.0,6.0,2.0,7.0,17.0,2.0,6.0,4.0
597,21.0,3.0,10.0,6.0,2.0,7.0,19.0,3.0,6.0,5.0
598,20.0,5.0,10.0,6.0,2.0,6.0,17.0,3.0,6.0,5.0
599,19.0,5.0,9.0,6.0,2.0,5.0,17.0,3.0,6.0,5.0
600,19.0,5.0,9.0,8.0,2.0,6.0,15.0,2.0,6.0,5.0
601,19.0,5.0,9.0,9.0,2.0,6.0,15.0,2.0,6.0,5.0
602,18.0,4.0,9.0,8.0,2.0,6.0,15.0,2.0,4.0,5.0
603,20.0,4.0,9.0,8.0,2.0,6.0,15.0,2.0,4.0,5.0
604,20.0,4.0,9.0,7.0,3.0,6.0,15.0,2.0,5.0,5.0
605,20.0,4.0,8.0,7.0,3.0,6.0,15.0,2.0,4.0,4.0
606,19.0,4.0,8.0,9.0,4.0,6.0,15.0,2.0,4.0,4.0
607,18.0,4.0,8.0,9.0,4.0,5.0,16.0,3.0,4.0,3.0
608,18.0,3.0,8.0,9.0,4.0,5.0,15.0,3.0,4.0,3.0
609,17.0,4.0,7.0,9.0,5.0,5.0,15.0,3.0,3.0,3.0
610,17.0,4.0,6.0,9.0,5.0,5.0,18.0,3.0,4.0,4.0
611,16.0,6.0,6.0,9.0,5.0,5.0,19.0,2.0,5.0,4.0
612,17.0,6.0,6.0,10.0,4.0,6.0,21.0,2.0,5.0,3.0
613,17.0,5.0,6.0,10.0,4.0,6.0,22.0,2.0,4.0,3.0
614,15.0,5.0,6.0,10.0,4.0,6.0,22.0,2.0,4.0,3.0
615,15.0,5.0,6.0,9.0,4.0,5.0,23.0,2.0,4.0,3.0
616,15.0,5.0,6.0,8.0,4.0,5.0,23.0,2.0,4.0,4.0
617,15.0,5.0,6.0,8.0,4.0,5.0,21.0,2.0,4.0,4.0
618,16.0,4.0,6.0,8.0,4.0,5.0,22.0,2.0,5.0,4.0
619,17.0,4.0,5.0,8.0,4.0,5.0,21.0,2.0,5.0,4.0
620,17.0,4.0,6.0,8.0,4.0,5.0,21.0,3.0,5.0,4.0
621,17.0,4.0,6.0,8.0,4.0,5.0,21.0,3.0,4.0,4.0
622,17.0,4.0,6.0,8.0,4.0,5.0,23.0,3.0,4.0,4.0
623,16.0,4.0,6.0,8.0,4.0,5.0,23.0,2.0,4.0,3.0
624,16.0,4.0,6.0,9.0,4.0,5.0,23.0,2.0,5.0,3.0
625,16.0,4.0,5.0,10.0,4.0,5.0,23.0,2.0,6.0,4.0
626,15.0,4.0,5.0,10.0,5.0,5.0,21.0,1.0,7.0,4.0
627,17.0,4.0,5.0,9.0,5.0,5.0,21.0,1.0,7.0,3.0
628,16.0,4.0,5.0,9.0,4.0,5.0,21.0,1.0,7.0,3.0
629,16.0,3.0,5.0,9.0,4.0,4.0,22.0,1.0,7.0,3.0
630,16.0,3.0,5.0,8.0,4.0,6.0,22.0,2.0,8.0,3.0
631,15.0,3.0,4.0,8.0,4.0,6.0,22.0,2.0,10.0,4.0
632,15.0,3.0,4.0,9.0,4.0,7.0,23.0,2.0,10.0,4.0
633,14.0,3.0,4.0,8.0,4.0,7.0,23.0,2.0,9.0,4.0
634,14.0,1.0,4.0,8.0,4.0,6.0,23.0,2.0,9.0,4.0
635,14.0,3.0,4.0,7.0,3.0,5.0,22.0,3.0,9.0,4.0
636,14.0,2.0,4.0,7.0,3.0,5.0,22.0,4.0,9.0,4.0
637,14.0,4.0,5.0,7.0,3.0,5.0,22.0,4.0,8.0,3.0
638,14.0,5.0,5.0,7.0,3.0,4.0,21.0,4.0,9.0,3.0
639,14.0,4.0,4.0,7.0,3.0,4.0,22.0,4.0,9.0,3.0
640,14.0,4.0,6.0,7.0,3.0,5.0,21.0,4.0,10.0,3.0
641,15.0,4.0,6.0,7.0,3.0,4.0,22.0,4.0,10.0,3.0
642,14.0,4.0,7.0,7.0,3.0,4.0,21.0,4.0,8.0,2.0
643,14.0,4.0,7.0,8.0,3.0,4.0,22.0,4.0,8.0,2.0
644,14.0,4.0,7.0,8.0,3.0,4.0,20.0,3.0,7.0,2.0
645,15.0,5.0,7.0,8.0,3.0,5.0,19.0,3.0,7.0,2.0
646,15.0,5.0,7.0,8.0,4.0,6.0,19.0,3.0,7.0,2.0
647,15.0,5.0,6.0,8.0,4.0,6.0,18.0,4.0,7.0,2.0
648,15.0,5.0,6.0,8.0,4.0,6.0,18.0,4.0,7.0,2.0
649,16.0,4.0,6.0,8.0,4.0,5.0,19.0,4.0,7.0,2.0
650,16.0,4.0,5.0,8.0,4.0,5.0,19.0,4.0,7.0,2.0
651,16.0,4.0,5.0,8.0,4.0,5.0,19.0,4.0,8.0,2.0
652,16.0,4.0,5.0,8.0,4.0,5.0,20.0,5.0,8.0,2.0
653,16.0,4.0,5.0,8.0,4.0,5.0,20.0,5.0,7.0,2.0
654,17.0,5.0,4.0,8.0,5.0,5.0,20.0,4.0,7.0,2.0
655,17.0,5.0,4.0,8.0,5.0,5.0,19.0,4.0,7.0,2.0
656,16.0,4.0,4.0,8.0,5.0,4.0,19.0,5.0,7.0,2.0
657,15.0,4.0,5.0,8.0,6.0,4.0,19.0,5.0,7.0,2.0
658,16.0,5.0,5.0,8.0,6.0,4.0,20.0,5.0,7.0,2.0
659,17.0,5.0,5.0,8.0,6.0,4.0,20.0,5.0,7.0,2.0
660,18.0,5.0,4.0,7.0,6.0,4.0,20.0,4.0,8.0,2.0
661,16.0,5.0,4.0,6.0,6.0,4.0,21.0,4.0,8.0,2.0
662,17.0,5.0,4.0,6.0,5.0,4.0,20.0,4.0,8.0,2.0
663,17.0,5.0,4.0,6.0,5.0,4.0,20.0,3.0,7.0,2.0
664,16.0,5.0,4.0,6.0,5.0,4.0,18.0,3.0,6.0,2.0
665,16.0,5.0,4.0,5.0,5.0,5.0,18.0,3.0,5.0,2.0
666,16.0,5.0,4.0,5.0,6.0,5.0,18.0,3.0,5.0,2.0
667,16.0,5.0,4.0,5.0,6.0,4.0,17.0,3.0,4.0,2.0
668,16.0,5.0,4.0,4.0,6.0,4.0,17.0,3.0,4.0,1.0
669,16.0,4.0,4.0,4.0,5.0,3.0,19.0,3.0,3.0,1.0
670,16.0,4.0,4.0,4.0,5.0,4.0,16.0,3.0,3.0,1.0
671,16.0,4.0,4.0,4.0,6.0,6.0,17.0,3.0,3.0,1.0
672,17.0,4.0,3.0,4.0,7.0,6.0,17.0,4.0,3.0,1.0
673,16.0,4.0,3.0,5.0,5.0,6.0,17.0,4.0,4.0,1.0
674,16.0,5.0,3.0,5.0,5.0,6.0,19.0,4.0,4.0,1.0
675,16.0,5.0,3.0,5.0,5.0,6.0,19.0,4.0,4.0,1.0
676,16.0,5.0,3.0,5.0,6.0,5.0,19.0,4.0,4.0,1.0
677,17.0,4.0,4.0,5.0,7.0,5.0,20.0,3.0,3.0,1.0
678,17.0,4.0,4.0,5.0,9.0,4.0,20.0,3.0,3.0,1.0
679,17.0,4.0,3.0,5.0,8.0,3.0,21.0,3.0,3.0,1.0
680,16.0,3.0,3.0,5.0,6.0,3.0,21.0,3.0,4.0,1.0
681,15.0,4.0,4.0,5.0,6.0,5.0,20.0,3.0,4.0,1.0
682,15.0,4.0,4.0,5.0,4.0,6.0,20.0,2.0,5.0,1.0
683,15.0,4.0,4.0,5.0,4.0,8.0,21.0,2.0,5.0,1.0
684,15.0,4.0,4.0,5.0,4.0,8.0,21.0,3.0,5.0,1.0
685,14.0,4.0,4.0,5.0,4.0,9.0,21.0,4.0,5.0,1.0
686,14.0,4.0,4.0,5.0,6.0,9.0,21.0,4.0,5.0,1.0
687,14.0,4.0,4.0,5.0,6.0,8.0,22.0,4.0,4.0,1.0
688,13.0,4.0,3.0,5.0,7.0,8.0,22.0,5.0,4.0,1.0
689,14.0,4.0,3.0,5.0,7.0,8.0,22.0,5.0,5.0,1.0
690,17.0,5.0,4.0,5.0,6.0,9.0,22.0,5.0,5.0,1.0
691,16.0,4.0,4.0,5.0,7.0,9.0,22.0,5.0,5.0,1.0
692,16.0,5.0,5.0,5.0,7.0,9.0,22.0,5.0,5.0,1.0
693,15.0,5.0,4.0,4.0,6.0,9.0,22.0,4.0,6.0,1.0
694,15.0,6.0,5.0,4.0,6.0,8.0,22.0,4.0,6.0,1.0
695,15.0,6.0,5.0,4.0,7.0,8.0,22.0,5.0,6.0,1.0
696,16.0,6.0,4.0,4.0,7.0,8.0,19.0,5.0,7.0,1.0
697,17.0,6.0,5.0,4.0,7.0,7.0,19.0,5.0,7.0,1.0
698,18.0,6.0,5.0,4.0,8.0,7.0,20.0,5.0,7.0,1.0
699,17.0,6.0,4.0,4.0,6.0,7.0,20.0,5.0,6.0,2.0
700,16.0,5.0,4.0,4.0,6.0,7.0,20.0,6.0,6.0,3.0
701,15.0,5.0,5.0,4.0,5.0,7.0,20.0,5.0,6.0,3.0
702,13.0,5.0,5.0,5.0,5.0,7.0,19.0,5.0,6.0,3.0
703,14.0,5.0,3.0,5.0,5.0,7.0,20.0,5.0,6.0,3.0
704,14.0,5.0,4.0,4.0,5.0,6.0,18.0,6.0,6.0,3.0
705,15.0,5.0,4.0,4.0,5.0,7.0,17.0,6.0,5.0,3.0
706,15.0,5.0,4.0,4.0,6.0,7.0,17.0,6.0,4.0,3.0
707,15.0,5.0,4.0,5.0,6.0,7.0,16.0,6.0,4.0,3.0
708,14.0,6.0,4.0,6.0,7.0,6.0,17.0,6.0,3.0,3.0
709,15.0,6.0,4.0,6.0,7.0,6.0,16.0,6.0,3.0,2.0
710,16.0,6.0,4.0,5.0,7.0,6.0,16.0,5.0,4.0,1.0
711,17.0,5.0,5.0,5.0,7.0,6.0,16.0,5.0,4.0,1.0
712,18.0,5.0,5.0,5.0,6.0,6.0,16.0,5.0,4.0,2.0
713,17.0,5.0,5.0,4.0,5.0,6.0,16.0,5.0,4.0,3.0
714,17.0,5.0,5.0,4.0,5.0,6.0,16.0,4.0,4.0,3.0
715,18.0,5.0,5.0,4.0,5.0,7.0,16.0,5.0,4.0,3.0
716,18.0,5.0,6.0,4.0,5.0,7.0,16.0,5.0,3.0,3.0
717,18.0,5.0,7.0,3.0,5.0,7.0,16.0,5.0,3.0,5.0
718,19.0,4.0,7.0,3.0,4.0,7.0,16.0,5.0,3.0,5.0
719,19.0,4.0,7.0,3.0,4.0,6.0,16.0,5.0,3.0,5.0
720,19.0,4.0,7.0,4.0,7.0,5.0,15.0,5.0,3.0,5.0
721,16.0,4.0,7.0,5.0,7.0,5.0,16.0,6.0,3.0,5.0
722,15.0,4.0,7.0,4.0,8.0,4.0,16.0,6.0,3.0,5.0
723,15.0,5.0,5.0,5.0,7.0,4.0,15.0,6.0,3.0,5.0
724,13.0,6.0,5.0,5.0,6.0,4.0,15.0,5.0,4.0,5.0
725,13.0,6.0,5.0,5.0,7.0,5.0,15.0,5.0,4.0,5.0
726,12.0,6.0,5.0,4.0,10.0,5.0,15.0,4.0,4.0,5.0
727,12.0,6.0,4.0,4.0,9.0,5.0,15.0,4.0,4.0,5.0
728,12.0,6.0,4.0,5.0,10.0,5.0,14.0,6.0,4.0,5.0
729,12.0,5.0,4.0,5.0,10.0,5.0,13.0,6.0,4.0,7.0
730,14.0,5.0,4.0,3.0,10.0,4.0,13.0,8.0,4.0,7.0
731,13.0,5.0,4.0,3.0,11.0,4.0,13.0,8.0,4.0,6.0
732,12.0,5.0,4.0,3.0,11.0,3.0,12.0,10.0,4.0,7.0
733,12.0,5.0,4.0,3.0,9.0,3.0,11.0,10.0,4.0,7.0
734,12.0,5.0,4.0,3.0,9.0,3.0,11.0,11.0,4.0,7.0
735,13.0,5.0,4.0,3.0,9.0,3.0,12.0,11.0,4.0,7.0
736,12.0,5.0,4.0,3.0,9.0,4.0,13.0,11.0,4.0,7.0
737,12.0,4.0,6.0,3.0,8.0,4.0,13.0,11.0,4.0,7.0
738,13.0,4.0,6.0,3.0,8.0,3.0,13.0,10.0,4.0,7.0
739,15.0,4.0,4.0,3.0,8.0,3.0,13.0,10.0,4.0,6.0
740,15.0,4.0,3.0,4.0,9.0,3.0,13.0,10.0,4.0,4.0
741,12.0,4.0,3.0,4.0,9.0,3.0,12.0,10.0,4.0,4.0
742,12.0,5.0,3.0,4.0,9.0,5.0,12.0,9.0,4.0,4.0
743,11.0,5.0,3.0,3.0,9.0,6.0,13.0,9.0,4.0,4.0
744,11.0,5.0,3.0,3.0,8.0,5.0,13.0,10.0,4.0,4.0
745,12.0,5.0,3.0,3.0,8.0,6.0,13.0,10.0,4.0,4.0
746,11.0,4.0,3.0,4.0,7.0,7.0,12.0,10.0,4.0,4.0
747,11.0,4.0,3.0,5.0,7.0,7.0,12.0,9.0,4.0,4.0
748,11.0,4.0,3.0,5.0,6.0,7.0,12.0,9.0,4.0,4.0
749,12.0,3.0,3.0,5.0,6.0,6.0,13.0,9.0,4.0,4.0
750,12.0,2.0,3.0,6.0,5.0,7.0,16.0,9.0,4.0,4.0
751,12.0,2.0,3.0,7.0,6.0,7.0,16.0,9.0,4.0,4.0
752,13.0,2.0,4.0,7.0,6.0,6.0,16.0,9.0,4.0,4.0
753,13.0,2.0,5.0,7.0,4.0,6.0,16.0,9.0,4.0,4.0
754,13.0,2.0,5.0,7.0,4.0,6.0,16.0,9.0,4.0,5.0
755,13.0,2.0,5.0,6.0,4.0,6.0,17.0,10.0,3.0,5.0
756,14.0,2.0,5.0,5.0,4.0,7.0,17.0,10.0,4.0,5.0
757,14.0,2.0,6.0,5.0,4.0,7.0,17.0,10.0,4.0,5.0
758,15.0,2.0,6.0,5.0,4.0,6.0,17.0,10.0,4.0,5.0
759,15.0,3.0,5.0,5.0,4.0,6.0,17.0,9.0,4.0,5.0
760,15.0,2.0,5.0,6.0,5.0,6.0,17.0,9.0,4.0,5.0
761,14.0,2.0,5.0,7.0,5.0,6.0,16.0,9.0,4.0,5.0
762,13.0,3.0,5.0,7.0,4.0,6.0,16.0,7.0,3.0,5.0
763,14.0,3.0,5.0,5.0,4.0,6.0,15.0,7.0,3.0,5.0
764,13.0,3.0,6.0,5.0,4.0,6.0,15.0,7.0,3.0,5.0
765,13.0,3.0,6.0,4.0,4.0,6.0,13.0,6.0,3.0,5.0
766,14.0,2.0,6.0,4.0,4.0,6.0,13.0,6.0,4.0,5.0
767,15.0,2.0,6.0,4.0,4.0,6.0,13.0,6.0,4.0,5.0
768,16.0,2.0,6.0,4.0,5.0,6.0,13.0,6.0,4.0,5.0
769,17.0,2.0,6.0,6.0,4.0,6.0,13.0,6.0,4.0,4.0
770,17.0,2.0,6.0,5.0,4.0,6.0,14.0,6.0,4.0,4.0
771,17.0,2.0,6.0,5.0,4.0,5.0,11.0,7.0,4.0,4.0
772,16.0,2.0,5.0,5.0,4.0,4.0,12.0,7.0,4.0,4.0
773,16.0,2.0,5.0,5.0,3.0,4.0,12.0,7.0,4.0,4.0
774,15.0,2.0,5.0,5.0,3.0,4.0,12.0,7.0,4.0,4.0
775,15.0,2.0,4.0,5.0,3.0,4.0,13.0,7.0,4.0,4.0
776,15.0,2.0,4.0,5.0,4.0,5.0,13.0,7.0,4.0,4.0
777,15.0,2.0,5.0,5.0,3.0,5.0,13.0,7.0,4.0,4.0
778,15.0,1.0,5.0,5.0,2.0,4.0,13.0,7.0,4.0,4.0
779,18.0,1.0,4.0,7.0,3.0,4.0,13.0,7.0,4.0,4.0
780,18.0,1.0,4.0,8.0,3.0,4.0,13.0,5.0,4.0,4.0
781,17.0,1.0,4.0,9.0,2.0,4.0,13.0,5.0,4.0,4.0
782,16.0,1.0,4.0,9.0,2.0,4.0,14.0,5.0,4.0,4.0
783,16.0,2.0,4.0,8.0,2.0,4.0,15.0,5.0,4.0,4.0
784,16.0,2.0,4.0,6.0,3.0,4.0,14.0,5.0,4.0,4.0
785,15.0,2.0,4.0,6.0,3.0,4.0,14.0,5.0,4.0,4.0
786,15.0,2.0,4.0,6.0,3.0,4.0,14.0,6.0,3.0,4.0
787,16.0,2.0,4.0,6.0,3.0,4.0,14.0,7.0,3.0,4.0
788,16.0,2.0,3.0,6.0,3.0,4.0,13.0,8.0,3.0,3.0
789,16.0,3.0,3.0,7.0,4.0,4.0,15.0,8.0,3.0,3.0
790,16.0,3.0,3.0,7.0,6.0,5.0,14.0,8.0,3.0,3.0
791,15.0,3.0,3.0,5.0,7.0,5.0,13.0,9.0,3.0,3.0
792,15.0,3.0,3.0,5.0,7.0,4.0,13.0,9.0,3.0,3.0
793,15.0,3.0,3.0,5.0,7.0,4.0,13.0,9.0,3.0,3.0
794,15.0,3.0,3.0,6.0,8.0,4.0,12.0,9.0,3.0,3.0
795,14.0,3.0,3.0,6.0,8.0,4.0,12.0,9.0,3.0,3.0
796,14.0,4.0,3.0,6.0,8.0,4.0,13.0,10.0,3.0,3.0
797,14.0,4.0,4.0,6.0,8.0,4.0,14.0,10.0,3.0,3.0
798,13.0,3.0,3.0,5.0,8.0,5.0,14.0,10.0,3.0,3.0
799,14.0,3.0,3.0,5.0,8.0,6.0,12.0,8.0,3.0,3.0
800,13.0,3.0,3.0,6.0,8.0,6.0,12.0,8.0,4.0,4.0
801,12.0,4.0,3.0,8.0,8.0,5.0,13.0,8.0,4.0,4.0
802,12.0,4.0,3.0,6.0,8.0,4.0,14.0,8.0,4.0,4.0
803,13.0,4.0,3.0,4.0,8.0,4.0,15.0,9.0,4.0,4.0
804,14.0,4.0,3.0,4.0,8.0,4.0,14.0,9.0,5.0,4.0
805,15.0,3.0,3.0,4.0,8.0,4.0,16.0,9.0,4.0,4.0
806,15.0,4.0,3.0,4.0,8.0,4.0,16.0,9.0,3.0,4.0
807,16.0,4.0,2.0,5.0,9.0,3.0,16.0,9.0,3.0,4.0
808,15.0,4.0,2.0,4.0,9.0,3.0,16.0,9.0,3.0,4.0
809,15.0,4.0,2.0,5.0,9.0,4.0,17.0,9.0,3.0,3.0
810,16.0,4.0,2.0,5.0,9.0,5.0,18.0,9.0,3.0,3.0
811,15.0,4.0,1.0,4.0,9.0,5.0,16.0,10.0,3.0,4.0
812,15.0,4.0,1.0,6.0,9.0,4.0,17.0,10.0,3.0,4.0
813,14.0,2.0,1.0,6.0,8.0,4.0,17.0,10.0,3.0,4.0
814,14.0,1.0,1.0,6.0,7.0,4.0,17.0,10.0,3.0,3.0
815,14.0,1.0,1.0,6.0,7.0,4.0,17.0,11.0,2.0,3.0
816,14.0,1.0,1.0,6.0,9.0,5.0,16.0,10.0,2.0,3.0
817,14.0,1.0,2.0,5.0,8.0,5.0,15.0,10.0,2.0,3.0
818,15.0,1.0,2.0,4.0,7.0,6.0,15.0,10.0,2.0,3.0
819,16.0,1.0,1.0,4.0,7.0,6.0,14.0,10.0,2.0,3.0
820,15.0,1.0,2.0,5.0,7.0,4.0,14.0,10.0,2.0,3.0
821,14.0,1.0,2.0,6.0,7.0,3.0,14.0,8.0,2.0,4.0
822,13.0,1.0,2.0,6.0,5.0,3.0,15.0,8.0,2.0,4.0
823,13.0,1.0,2.0,5.0,5.0,2.0,15.0,9.0,2.0,4.0
824,13.0,1.0,3.0,5.0,4.0,2.0,14.0,9.0,2.0,4.0
825,13.0,1.0,3.0,4.0,3.0,2.0,14.0,7.0,2.0,3.0
826,13.0,1.0,3.0,4.0,3.0,3.0,15.0,6.0,2.0,3.0
827,13.0,1.0,3.0,4.0,3.0,3.0,15.0,6.0,2.0,3.0
828,13.0,1.0,2.0,4.0,3.0,3.0,14.0,6.0,2.0,3.0
829,13.0,1.0,2.0,5.0,4.0,3.0,15.0,6.0,2.0,3.0
830,12.0,1.0,3.0,5.0,5.0,4.0,14.0,7.0,2.0,3.0
831,12.0,1.0,2.0,4.0,8.0,4.0,13.0,7.0,2.0,3.0
832,11.0,2.0,3.0,4.0,8.0,3.0,14.0,7.0,2.0,3.0
833,11.0,3.0,3.0,4.0,8.0,3.0,15.0,7.0,2.0,3.0
834,11.0,4.0,3.0,3.0,7.0,3.0,15.0,8.0,2.0,3.0
835,10.0,4.0,4.0,4.0,7.0,2.0,15.0,8.0,2.0,3.0
836,10.0,4.0,4.0,5.0,8.0,2.0,16.0,8.0,2.0,3.0
837,9.0,4.0,5.0,5.0,8.0,2.0,17.0,7.0,2.0,3.0
838,9.0,4.0,4.0,4.0,7.0,4.0,17.0,7.0,2.0,3.0
839,11.0,4.0,3.0,4.0,7.0,4.0,17.0,7.0,2.0,3.0
840,13.0,4.0,2.0,5.0,7.0,4.0,17.0,7.0,2.0,3.0
841,11.0,4.0,2.0,6.0,7.0,3.0,19.0,7.0,2.0,3.0
842,11.0,3.0,2.0,6.0,6.0,3.0,19.0,7.0,2.0,3.0
843,11.0,3.0,2.0,5.0,7.0,4.0,18.0,8.0,2.0,3.0
844,11.0,3.0,2.0,5.0,7.0,4.0,17.0,8.0,2.0,2.0
845,9.0,3.0,2.0,5.0,7.0,4.0,17.0,8.0,2.0,2.0
846,9.0,3.0,2.0,5.0,7.0,4.0,17.0,8.0,2.0,2.0
847,8.0,3.0,2.0,5.0,7.0,4.0,17.0,7.0,2.0,2.0
848,8.0,3.0,2.0,5.0,7.0,3.0,17.0,8.0,2.0,2.0
849,7.0,3.0,2.0,6.0,7.0,3.0,17.0,7.0,3.0,2.0
850,7.0,3.0,2.0,6.0,7.0,3.0,17.0,6.0,3.0,2.0
851,7.0,3.0,2.0,4.0,8.0,3.0,16.0,6.0,3.0,4.0
852,7.0,3.0,2.0,5.0,8.0,2.0,16.0,5.0,3.0,4.0
853,5.0,3.0,4.0,5.0,8.0,3.0,16.0,5.0,3.0,4.0
854,4.0,3.0,4.0,5.0,7.0,3.0,16.0,5.0,3.0,4.0
855,4.0,3.0,4.0,5.0,7.0,3.0,16.0,6.0,3.0,4.0
856,4.0,3.0,4.0,5.0,9.0,3.0,16.0,5.0,4.0,4.0
857,4.0,3.0,5.0,5.0,9.0,3.0,15.0,4.0,4.0,4.0
858,5.0,3.0,5.0,5.0,8.0,4.0,15.0,5.0,4.0,3.0
859,6.0,3.0,4.0,4.0,8.0,4.0,17.0,5.0,4.0,2.0
860,6.0,3.0,4.0,4.0,7.0,4.0,16.0,5.0,4.0,2.0
861,5.0,3.0,4.0,4.0,8.0,5.0,15.0,7.0,5.0,2.0
862,5.0,3.0,4.0,5.0,9.0,5.0,15.0,7.0,5.0,2.0
863,5.0,3.0,4.0,5.0,9.0,5.0,16.0,5.0,5.0,2.0
864,5.0,3.0,4.0,4.0,9.0,5.0,16.0,6.0,5.0,2.0
865,5.0,3.0,5.0,4.0,10.0,6.0,17.0,6.0,5.0,2.0
866,5.0,3.0,4.0,4.0,9.0,6.0,16.0,6.0,5.0,2.0
867,5.0,3.0,4.0,4.0,9.0,6.0,16.0,5.0,5.0,2.0
868,3.0,3.0,4.0,4.0,9.0,5.0,15.0,6.0,4.0,2.0
869,3.0,3.0,4.0,6.0,8.0,5.0,15.0,5.0,4.0,2.0
870,3.0,3.0,4.0,6.0,8.0,6.0,15.0,5.0,4.0,2.0
871,3.0,3.0,4.0,4.0,9.0,6.0,15.0,5.0,4.0,3.0
872,3.0,3.0,4.0,5.0,9.0,5.0,17.0,5.0,4.0,4.0
873,4.0,3.0,4.0,4.0,9.0,3.0,17.0,5.0,4.0,4.0
874,4.0,3.0,4.0,4.0,8.0,3.0,16.0,5.0,5.0,4.0
875,4.0,3.0,4.0,4.0,8.0,3.0,17.0,6.0,5.0,3.0
876,4.0,3.0,4.0,4.0,9.0,4.0,19.0,6.0,5.0,3.0
877,4.0,3.0,4.0,4.0,11.0,4.0,19.0,5.0,5.0,3.0
878,3.0,3.0,4.0,4.0,11.0,4.0,19.0,5.0,5.0,2.0
879,4.0,2.0,4.0,5.0,11.0,4.0,19.0,5.0,5.0,2.0
880,4.0,2.0,4.0,4.0,10.0,3.0,19.0,5.0,5.0,2.0
881,3.0,2.0,4.0,3.0,10.0,3.0,18.0,6.0,5.0,2.0
882,3.0,2.0,4.0,4.0,10.0,3.0,18.0,6.0,5.0,2.0
883,3.0,2.0,4.0,4.0,10.0,4.0,18.0,4.0,5.0,2.0
884,3.0,2.0,4.0,2.0,10.0,3.0,20.0,5.0,5.0,2.0
885,3.0,2.0,4.0,2.0,10.0,3.0,20.0,4.0,4.0,2.0
886,4.0,2.0,4.0,2.0,10.0,4.0,20.0,4.0,4.0,2.0
887,4.0,2.0,4.0,2.0,10.0,3.0,20.0,3.0,4.0,2.0
888,4.0,2.0,4.0,2.0,10.0,2.0,20.0,4.0,4.0,2.0
889,4.0,2.0,4.0,5.0,10.0,2.0,20.0,3.0,4.0,2.0
890,5.0,2.0,4.0,6.0,10.0,4.0,19.0,3.0,4.0,2.0
891,5.0,2.0,4.0,5.0,11.0,4.0,19.0,2.0,4.0,2.0
892,5.0,2.0,5.0,7.0,11.0,4.0,20.0,2.0,4.0,2.0
893,4.0,2.0,4.0,7.0,12.0,3.0,20.0,2.0,4.0,1.0
894,4.0,2.0,5.0,7.0,12.0,2.0,20.0,2.0,4.0,1.0
895,4.0,2.0,5.0,6.0,11.0,2.0,20.0,3.0,4.0,1.0
896,4.0,2.0,5.0,6.0,11.0,3.0,19.0,3.0,4.0,2.0
897,4.0,2.0,5.0,6.0,10.0,3.0,20.0,2.0,4.0,2.0
898,4.0,2.0,5.0,6.0,10.0,3.0,21.0,2.0,4.0,1.0
899,4.0,2.0,5.0,6.0,10.0,3.0,20.0,3.0,4.0,1.0
900,4.0,2.0,5.0,6.0,10.0,2.0,17.0,4.0,4.0,1.0
901,3.0,2.0,5.0,6.0,10.0,2.0,16.0,5.0,4.0,1.0
902,3.0,3.0,5.0,7.0,10.0,1.0,16.0,5.0,4.0,1.0
903,3.0,3.0,5.0,6.0,10.0,2.0,16.0,3.0,4.0,1.0
904,3.0,3.0,4.0,5.0,10.0,1.0,16.0,4.0,4.0,1.0
905,3.0,3.0,4.0,5.0,10.0,1.0,16.0,4.0,4.0,0.0
906,3.0,3.0,3.0,5.0,13.0,0.0,15.0,3.0,4.0,0.0
907,3.0,3.0,3.0,5.0,12.0,0.0,15.0,3.0,4.0,0.0
908,0.0,1.0,0.0,1.0,2.0,0.0,1.0,0.0,0.0,0.0
909,0.0,0.0,0.0,1.0,1.0,0.0,0.0,0.0,0.0,0.0
910,0.0,0.0,0.0,1.0,0.0,0.0,0.0,0.0,0.0,0.0
911,0.0,0.0,0.0,1.0,0.0,0.0,0.0,0.0,0.0,0.0
912,0.0,0.0,0.0,1.0,0.0,0.0,0.0,0.0,0.0,0.0
913,0.0,0.0,0.0,1.0,0.0,0.0,0.0,0.0,0.0,0.0
914,0.0,0.0,0.0,0.0,0.0,0.0,0.0,0.0,0.0,0.0
915,0.0,0.0,0.0,0.0,0.0,0.0,0.0,0.0,0.0,0.0
916,0.0,0.0,0.0,0.0,0.0,0.0,0.0,0.0,0.0,0.0
917,0.0,0.0,0.0,0.0,0.0,0.0,0.0,0.0,0.0,0.0
918,0.0,0.0,0.0,0.0,0.0,0.0,0.0,0.0,0.0,0.0
919,0.0,0.0,0.0,0.0,0.0,0.0,0.0,0.0,0.0,0.0
920,0.0,0.0,0.0,0.0,0.0,0.0,0.0,0.0,0.0,0.0
921,0.0,0.0,0.0,0.0,0.0,0.0,0.0,0.0,0.0,0.0
922,0.0,0.0,0.0,0.0,0.0,0.0,0.0,0.0,0.0,0.0
923,0.0,0.0,0.0,0.0,0.0,0.0,0.0,0.0,0.0,0.0
924,0.0,0.0,0.0,0.0,0.0,0.0,0.0,0.0,0.0,0.0
925,0.0,0.0,0.0,0.0,0.0,0.0,0.0,0.0,0.0,0.0
926,0.0,0.0,0.0,0.0,0.0,0.0,0.0,0.0,0.0,0.0
927,0.0,0.0,0.0,0.0,0.0,0.0,0.0,0.0,0.0,0.0
928,0.0,0.0,0.0,0.0,0.0,0.0,0.0,0.0,0.0,0.0
929,0.0,0.0,0.0,0.0,0.0,0.0,0.0,0.0,0.0,0.0
930,0.0,0.0,0.0,0.0,0.0,0.0,0.0,0.0,0.0,0.0
931,0.0,0.0,0.0,0.0,0.0,0.0,0.0,0.0,0.0,0.0
932,0.0,0.0,0.0,0.0,0.0,0.0,0.0,0.0,0.0,0.0
933,0.0,0.0,0.0,0.0,0.0,0.0,0.0,0.0,0.0,0.0
934,0.0,0.0,0.0,0.0,0.0,0.0,0.0,0.0,0.0,0.0
935,0.0,0.0,0.0,0.0,0.0,0.0,0.0,0.0,0.0,0.0
936,0.0,0.0,0.0,0.0,0.0,0.0,0.0,0.0,0.0,0.0
937,0.0,0.0,0.0,0.0,0.0,0.0,0.0,0.0,0.0,0.0
938,0.0,0.0,0.0,0.0,0.0,0.0,0.0,0.0,0.0,0.0
939,0.0,0.0,0.0,0.0,0.0,0.0,0.0,0.0,0.0,0.0
940,0.0,0.0,0.0,0.0,0.0,0.0,0.0,0.0,0.0,0.0
941,0.0,0.0,0.0,0.0,0.0,0.0,0.0,0.0,0.0,0.0
942,0.0,0.0,0.0,0.0,0.0,0.0,0.0,0.0,0.0,0.0
943,0.0,0.0,0.0,0.0,0.0,0.0,0.0,0.0,0.0,0.0
944,0.0,0.0,0.0,0.0,0.0,0.0,0.0,0.0,0.0,0.0
945,0.0,0.0,0.0,0.0,0.0,0.0,0.0,0.0,0.0,0.0
946,0.0,0.0,0.0,0.0,0.0,0.0,0.0,0.0,0.0,0.0
947,0.0,0.0,0.0,0.0,0.0,0.0,0.0,0.0,0.0,0.0
948,0.0,0.0,0.0,0.0,0.0,0.0,0.0,0.0,0.0,0.0
949,0.0,0.0,0.0,0.0,0.0,0.0,0.0,0.0,0.0,0.0
950,0.0,0.0,0.0,0.0,0.0,0.0,0.0,0.0,0.0,0.0
951,0.0,0.0,0.0,0.0,0.0,0.0,0.0,0.0,0.0,0.0
952,0.0,0.0,0.0,0.0,0.0,0.0,0.0,0.0,0.0,0.0
953,0.0,0.0,0.0,0.0,0.0,0.0,0.0,0.0,0.0,0.0
954,0.0,0.0,0.0,0.0,0.0,0.0,0.0,0.0,0.0,0.0
955,0.0,0.0,0.0,0.0,0.0,0.0,0.0,0.0,0.0,0.0
956,0.0,0.0,0.0,0.0,0.0,0.0,0.0,0.0,0.0,0.0
957,0.0,0.0,0.0,0.0,0.0,0.0,0.0,0.0,0.0,0.0
958,0.0,0.0,0.0,0.0,0.0,0.0,0.0,0.0,0.0,0.0
959,0.0,0.0,0.0,0.0,0.0,0.0,0.0,0.0,0.0,0.0
960,0.0,0.0,0.0,0.0,0.0,0.0,0.0,0.0,0.0,0.0
961,0.0,0.0,0.0,0.0,0.0,0.0,0.0,0.0,0.0,0.0
962,0.0,0.0,0.0,0.0,0.0,0.0,0.0,0.0,0.0,0.0
963,0.0,0.0,0.0,0.0,0.0,0.0,0.0,0.0,0.0,0.0
964,0.0,0.0,0.0,0.0,0.0,0.0,0.0,0.0,0.0,0.0
965,0.0,0.0,0.0,0.0,0.0,0.0,0.0,0.0,0.0,0.0
966,0.0,0.0,0.0,0.0,0.0,0.0,0.0,0.0,0.0,0.0
967,0.0,0.0,0.0,0.0,0.0,0.0,0.0,0.0,0.0,0.0
968,0.0,0.0,0.0,0.0,0.0,0.0,0.0,0.0,0.0,0.0
969,0.0,0.0,0.0,0.0,0.0,0.0,0.0,0.0,0.0,0.0
970,0.0,0.0,0.0,0.0,0.0,0.0,0.0,0.0,0.0,0.0
971,0.0,0.0,0.0,0.0,0.0,0.0,0.0,0.0,0.0,0.0
972,0.0,0.0,0.0,0.0,0.0,0.0,0.0,0.0,0.0,0.0
973,0.0,0.0,0.0,0.0,0.0,0.0,0.0,0.0,0.0,0.0
974,0.0,0.0,0.0,0.0,0.0,0.0,0.0,0.0,0.0,0.0
975,0.0,0.0,0.0,0.0,0.0,0.0,0.0,0.0,0.0,0.0
976,0.0,0.0,0.0,0.0,0.0,0.0,0.0,0.0,0.0,0.0
977,0.0,0.0,0.0,0.0,0.0,0.0,0.0,0.0,0.0,0.0
978,0.0,0.0,0.0,0.0,0.0,0.0,0.0,0.0,0.0,0.0
979,0.0,0.0,0.0,0.0,0.0,0.0,0.0,0.0,0.0,0.0
980,0.0,0.0,0.0,0.0,0.0,0.0,0.0,0.0,0.0,0.0
981,0.0,0.0,0.0,0.0,0.0,0.0,0.0,0.0,0.0,0.0
982,0.0,0.0,0.0,0.0,0.0,0.0,0.0,0.0,0.0,0.0
983,0.0,0.0,0.0,0.0,0.0,0.0,0.0,0.0,0.0,0.0
984,0.0,0.0,0.0,0.0,0.0,0.0,0.0,0.0,0.0,0.0
985,0.0,0.0,0.0,0.0,0.0,0.0,0.0,0.0,0.0,0.0
986,0.0,0.0,0.0,0.0,0.0,0.0,0.0,0.0,0.0,0.0
987,0.0,0.0,0.0,0.0,0.0,0.0,0.0,0.0,0.0,0.0
988,0.0,0.0,0.0,0.0,0.0,0.0,0.0,0.0,0.0,0.0
989,0.0,0.0,0.0,0.0,0.0,0.0,0.0,0.0,0.0,0.0
990,0.0,0.0,0.0,0.0,0.0,0.0,0.0,0.0,0.0,0.0
991,0.0,0.0,0.0,0.0,0.0,0.0,0.0,0.0,0.0,0.0
992,0.0,0.0,0.0,0.0,0.0,0.0,0.0,0.0,0.0,0.0
993,0.0,0.0,0.0,0.0,0.0,0.0,0.0,0.0,0.0,0.0
994,0.0,0.0,0.0,0.0,0.0,0.0,0.0,0.0,0.0,0.0
995,0.0,0.0,0.0,0.0,0.0,0.0,0.0,0.0,0.0,0.0
996,0.0,0.0,0.0,0.0,0.0,0.0,0.0,0.0,0.0,0.0
997,0.0,0.0,0.0,0.0,0.0,0.0,0.0,0.0,0.0,0.0
998,0.0,0.0,0.0,0.0,0.0,0.0,0.0,0.0,0.0,0.0
999,0.0,0.0,0.0,0.0,0.0,0.0,0.0,0.0,0.0,0.0
1000,0.0,0.0,0.0,0.0,0.0,0.0,0.0,0.0,0.0,0.0
