1,0.25802634172309874,0.25802634172309874,0.25802634172309874,0.25802634172309874,0.25802634172309874,0.25802634172309874,0.25802634172309874,0.25802634172309874,0.25802634172309874,0.25802634172309874
2,0.258026342,0.258026342,0.25804682032738613,0.258026342,0.25804256521215657,0.258026342,0.258026342,0.258026342,0.25804287891669103,0.258026342
3,0.25802862516570685,0.25804971772394336,0.258026342,0.258026342,0.258026342,0.2580503340326068,0.258026342,0.258026342,0.258026342,0.2580477436271591
4,0.25806174305209556,0.2580412914461905,0.258026342,0.258026342,0.258026342,0.2580497759108898,0.258026342,0.258026342,0.258026342,0.2580629142431621
5,0.258026342,0.258026342,0.25804660395902557,0.258026342,0.25803200983563895,0.258026342,0.258026342,0.25806352771530466,0.2580471100668972,0.2580749897068368
6,0.258026342,0.258026342,0.258026342,0.258026342,0.2580263441786269,0.2580606507705953,0.258026342,0.25807795130786554,0.25804277810675913,0.258026342
7,0.258026342,0.25803555871755846,0.258061207012185,0.258026342,0.258026342,0.258026342,0.2580654850925942,0.25807700285291685,0.258026342,0.25804243554389866
8,0.2580487008245563,0.258026342,0.258026342,0.2580349416277067,0.258026342,0.2580419425863544,0.2580619956756804,0.258026342,0.258026342,0.258026342
9,0.2580655792253965,0.25802806021083025,0.25806131241248886,0.2580685750368753,0.258026342,0.258026342,0.258026342,0.258026342,0.258053629692979,0.258026342
10,0.258026342,0.25805069617517257,0.258026342,0.258026342,0.258026342,0.258026342,0.258026342,0.258026342,0.258026342,0.258026342
11,0.258026342,0.25805991234583464,0.258026342,0.2580451086221144,0.2580478242941077,0.258026342,0.2580330942148516,0.258026342,0.25802839369832903,0.258026342
12,0.25802769552192073,0.258026342,0.258026342,0.2580690882792671,0.2580634630016968,0.258026342,0.25803675853376656,0.25803854759676464,0.258026342,0.25803783045709827
13,0.2580575795787548,0.258026342,0.25805796441068946,0.258026342,0.2580523812867835,0.258026342,0.258026342,0.258026342,0.25805118040633024,0.258026342
14,0.258026342,0.258026342,0.258026342,0.2580523874624514,0.2580452168011381,0.2580483756212574,0.25806032437090387,0.25806366400409764,0.2580321924464064,0.258026342
15,0.258026342,0.258026342,0.258026342,0.2580588151670421,0.258026342,0.258026342,0.25804492039619537,0.25807936086277344,0.25803261600962796,0.25803388781182474
16,0.258026342,0.25802872122433523,0.2580484301517642,0.2580723375717839,0.258026342,0.25804976737252755,0.258026342,0.2580953708914143,0.258026342,0.258026342
17,0.258026342,0.258026342,0.2580321667638903,0.258026342,0.258026342,0.25802668558480185,0.258026342,0.258026342,0.25804092984577714,0.2580285774150747
18,0.258026342,0.25804096429474765,0.2580454123004469,0.25803468213237996,0.258026342,0.258026342,0.258026342,0.25802817396604955,0.25805573370228885,0.25805542176458696
19,0.2580351920642007,0.258026342,0.258026342,0.258026342,0.25802741220050834,0.2580346130138317,0.258026342,0.258026342,0.25805658554149896,0.258026342
20,0.258026342,0.258026342,0.25804484108513454,0.2580343263321816,0.258026342,0.2580488993905197,0.258026342,0.258026342,0.258035329366492,0.2580356215283694
21,0.2580491960335473,0.25803317071300774,0.2580492083594701,0.258026342,0.25804102595558037,0.258026342,0.258026342,0.258026342,0.2580462459727085,0.258026342
22,0.25803125452990444,0.2580606962783876,0.2580349103941702,0.258026342,0.2580379975426914,0.25805389053377065,0.258026342,0.2580488370136946,0.25803000873393245,0.258026342
23,0.258026342,0.25804814107777846,0.258026342,0.2580659134709375,0.258026342,0.258026342,0.25804071861529837,0.258026342,0.258058960068047,0.258026342
24,0.258026342,0.25805203015244577,0.2580340377678463,0.258026342,0.25804179031122365,0.2580484713364213,0.258026342,0.2580298968079562,0.258026342,0.25803854803660625
25,0.25806153343949917,0.25802858786192356,0.258026342,0.2580404476657632,0.258026342,0.258026342,0.25803538897337047,0.258026342,0.258026342,0.258026342
26,0.2580513391791847,0.258026342,0.258026342,0.258037453495619,0.258026342,0.258026342,0.2580591511068192,0.258026342,0.258026342,0.258026342
27,0.2580627418096607,0.25804867194775083,0.25806218216174015,0.258026342,0.258026342,0.2580618974604513,0.2580292025036624,0.258026342,0.258026342,0.25804604279551024
28,0.258026342,0.258026342,0.258026342,0.258026342,0.258026342,0.2580524910894381,0.258026342,0.25803534649589,0.258026342,0.2580445829418789
29,0.258026342,0.258026342,0.258026342,0.258026342,0.258026342,0.2580266276044844,0.25802722410947054,0.2580438262602798,0.25803953263745233,0.258026342
30,0.258026342,0.2580471967485787,0.258026342,0.258026342,0.2580369579595971,0.258026342,0.258026342,0.2580432904449813,0.258026342,0.258026342
31,0.258026342,0.258026342,0.25803400626903844,0.25804661660326195,0.2580406743340634,0.258026342,0.258026342,0.258055010665487,0.25802662168102125,0.2580519588064691
32,0.25803564984284694,0.258026342,0.2580341121930514,0.25802970849194834,0.258026342,0.25804743638389765,0.258039492227655,0.258026342,0.25804969835426844,0.258026342
33,0.25806374988962794,0.258026342,0.258026342,0.258026342,0.258026342,0.258035678856118,0.25805383626532513,0.2580418160729927,0.25803667291518984,0.25804105733859517
34,0.2580384840585978,0.258026342,0.258026342,0.258046295827057,0.258026342,0.25804216010692377,0.2580482538112156,0.258026342,0.258026342,0.258026342
35,0.2580399407619983,0.258026342,0.258026342,0.258026342,0.258026342,0.258026342,0.2580520181220569,0.2580543176074883,0.25805146706425275,0.258026342
36,0.25805496869821026,0.25803109671671876,0.25802740865318347,0.258026342,0.25803750402917786,0.2580509237635032,0.258026342,0.2580585792934262,0.258026342,0.258026342
37,0.258026342,0.25805732494664924,0.2580331492020724,0.25805693534824625,0.25803910066595265,0.258026342,0.25805600447899657,0.2580382248846648,0.25805720836449997,0.258026342
38,0.258026342,0.2580340639657799,0.25804473001958267,0.258026342,0.2580287602338394,0.258026342,0.2580574726490714,0.258026342,0.258034428370291,0.258026342
39,0.258026342,0.25804115385596915,0.25803269298985426,0.2580440139416118,0.258026342,0.258026342,0.2580728716799663,0.2580447713750197,0.258026342,0.2580566460697783
40,0.258026342,0.25803398321022425,0.258026342,0.2580567130869827,0.2580469590901927,0.25804308132454024,0.258026342,0.258026342,0.2580350955208763,0.2580563252819193
41,0.258026342,0.258026342,0.258026342,0.25806870541408444,0.25803594619976955,0.258026342,0.258026342,0.258026342,0.258026342,0.258026342
42,0.258026342,0.2580428534092508,0.258026342,0.2580446330456847,0.258026342,0.25804322131763524,0.2580440655419072,0.2580496815462639,0.2580270253818439,0.258026342
43,0.258026342,0.25803843879918253,0.2580285407029752,0.2580342317983617,0.258026342,0.2580476413109451,0.258026342,0.25803514271170896,0.258026342,0.258051966019912
44,0.258026342,0.25802850884381756,0.258026342,0.2580533981770112,0.2580466280084799,0.258026342,0.2580417329074322,0.2580630582897506,0.25802989403141446,0.258026342
45,0.258026342,0.258026342,0.25804842584113624,0.25805420010692054,0.258026342,0.2580276683358731,0.25807952599838657,0.258047190825459,0.258026342,0.25806559526625683
46,0.258026342,0.258026342,0.258026342,0.2580674753975354,0.25806199852461853,0.258026342,0.258026342,0.25803492671942435,0.25804284308102415,0.258026342
47,0.25804621021873314,0.25806207218162985,0.2580313773327792,0.258026342,0.258026342,0.258026342,0.2580396769900807,0.258026342,0.25802736893191636,0.2580381874660472
48,0.258026342,0.258026342,0.258026342,0.258026342,0.2580555806321601,0.258026342,0.2580528096337611,0.2580417845486183,0.258026342,0.258026342
49,0.258026342,0.25803392177404244,0.25804872057679146,0.258026342,0.258026342,0.2580269053979779,0.258086703794095,0.258026342,0.2580485967314602,0.25806976453447555
50,0.258026342,0.258026342,0.2580470401364435,0.258026342,0.258026342,0.258026342,0.25807242707397987,0.25804690772968203,0.25802792801531493,0.258026342
51,0.2580281255448067,0.258026342,0.258026342,0.258026342,0.25802832496514794,0.25802977278886824,0.258026342,0.2580873084939496,0.258026342,0.258026342
52,0.25803730148651666,0.2580464939552334,0.2580313255579724,0.258026342,0.258026342,0.2580319856489574,0.258026342,0.258026342,0.258026342,0.258026901445188
53,0.258026342,0.258026342,0.258026342,0.258026342,0.258026342,0.2580318046702397,0.25803586828659497,0.258026342,0.258026342,0.25804692287645453
54,0.258026342,0.2580340949084624,0.258026342,0.258026342,0.25806080305876783,0.2580393180330564,0.258026342,0.2580417697956256,0.25803549645433604,0.2580467513192861
55,0.258026342,0.25804063264912175,0.25803067558088755,0.25805281593847823,0.258026342,0.258026342,0.2580796402964405,0.2580572670440012,0.258026342,0.258026342
56,0.258034675000476,0.25805358506525594,0.2580515886048763,0.258026342,0.258026342,0.2580263483049582,0.258026342,0.258026342,0.258026342,0.2580275914053391
57,0.25804760151852213,0.2580476913665426,0.258037262347858,0.25805257703865225,0.25804537784873904,0.25803281117602206,0.258026342,0.2580638562133533,0.258026342,0.25804595344406195
58,0.258026342,0.2580419943313133,0.2580451963170463,0.2580497827508707,0.2580452533975354,0.25803659901006526,0.2580468322213349,0.2580555695597065,0.25803855119789565,0.258026342
59,0.258026342,0.2580465134899946,0.258026342,0.258026342,0.25804362842073486,0.25804820808684137,0.258026342,0.25806676028296416,0.2580403302497784,0.2580493689275896
60,0.2580437155114709,0.25802788641061625,0.25803546581087006,0.2580494814129191,0.258026342,0.258026342,0.25803851721213644,0.258026342,0.25803965344872265,0.258026342
61,0.25802645698259224,0.258045187003695,0.258026342,0.258026342,0.25803734292030034,0.258026342,0.258026342,0.2580328493877283,0.2580327953583484,0.2580441960076327
62,0.25803567169330294,0.258026342,0.2580291975229968,0.258026342,0.258026342,0.2580305132721635,0.258026342,0.25806976484748934,0.258026342,0.258026342
63,0.258026342,0.258026342,0.2580478127118707,0.258026342,0.2580372384205187,0.25803805502145855,0.2580431181348486,0.258026342,0.2580383426869457,0.258026342
64,0.258041571903906,0.25805238185471846,0.2580436834283367,0.25805668462433445,0.258026342,0.2580466047385614,0.25802900186707606,0.25803926076066586,0.258026342,0.258059185357505
65,0.258038858206105,0.258026342,0.2580474650620664,0.258026342,0.258026342,0.258026342,0.258026342,0.2580746001046233,0.25803634274374254,0.25803712680167024
66,0.258026342,0.258026342,0.258026342,0.258026342,0.2580488522452928,0.258026342,0.258026342,0.258026342,0.258026342,0.2580579419363602
67,0.25804770494638035,0.2580389877734431,0.258026342,0.2580500933401644,0.258026342,0.2580398605820403,0.25806723058718695,0.25803061501393926,0.2580338807630558,0.2580383383657519
68,0.258026342,0.258026342,0.258026342,0.2580401558539405,0.25805644432026975,0.25803975752308356,0.258026342,0.25805237379226503,0.2580288331926789,0.258026342
69,0.2580415885989478,0.258026342,0.258026342,0.258026342,0.2580337965763005,0.258026342,0.2580270992287369,0.2580507596131182,0.258026342,0.2580453160027095
70,0.258026342,0.258026342,0.258026342,0.258026342,0.2580326690532924,0.258026342,0.25806031498195775,0.25803360708194173,0.25803651806983585,0.258026342
71,0.258026342,0.25804225723687274,0.258026342,0.2580373717323181,0.258026342,0.258026342,0.258026342,0.258026342,0.258026342,0.258026342
72,0.25803525786994486,0.258026342,0.2580489696513449,0.25803831415725303,0.258026342,0.258026342,0.258026342,0.25805654504202463,0.2580269662023361,0.2580570288519837
73,0.258026342,0.258026342,0.258026342,0.258026342,0.258026342,0.25803700875099367,0.2580492101036047,0.2580270888219972,0.25803191022628386,0.2580610324741536
74,0.258026342,0.2580410372031605,0.258050000584207,0.258026342,0.25803540185317186,0.25804141360635807,0.25805658559952666,0.2580442537552286,0.2580346503729841,0.2580340784326039
75,0.258026342,0.258030499539517,0.258026342,0.258026342,0.258026342,0.258026342,0.2580514367346818,0.258026342,0.2580304524531327,0.2580597516821296
76,0.25804222646353153,0.2580430950472048,0.258026342,0.2580362265220407,0.25804279785355555,0.258026342,0.258026342,0.25803436883893394,0.2580292972050359,0.258026342
77,0.258026342,0.258026342,0.258040794809364,0.258026342,0.2580298202010684,0.258026342,0.258026342,0.258026342,0.258026342,0.25803106290907757
78,0.25803489789107353,0.258026342,0.258026342,0.258026342,0.2580519055205893,0.25803245574679884,0.258026342,0.2580291808244905,0.258026342,0.258026342
79,0.258026342,0.258026342,0.258026342,0.2580343289513656,0.258026342,0.2580344834867392,0.258043492178258,0.258026342,0.2580294056444496,0.2580618342731056
80,0.258026342,0.258026342,0.258031995547337,0.25805199791407146,0.2580351938937553,0.258026342,0.258026342,0.2580328885153829,0.258026342,0.258026342
81,0.258026342,0.258026342,0.2580371076750518,0.2580543483732107,0.258026342,0.2580336428500743,0.2580342419597827,0.258026342,0.2580386106233398,0.2580514809654926
82,0.258026342,0.258026342,0.258026342,0.258026342,0.2580357058911071,0.258026342,0.258026342,0.2580281220788894,0.258026342,0.2580662995869485
83,0.25803134019982343,0.258026342,0.2580360951087551,0.258026342,0.2580346877566551,0.25802634199999996,0.25802858519562205,0.258026342,0.2580268482077559,0.25807173043229326
84,0.2580299104520639,0.258026342,0.25804595369914474,0.258026342,0.258026342,0.258026342,0.25804472860022315,0.258026342,0.258026342,0.258026342
85,0.2580344846317715,0.258026342,0.2580482354639409,0.258026342,0.2580450981836557,0.25804713814896746,0.258026342,0.25803504493000895,0.258026342,0.258026342
86,0.258026342,0.25803350312925444,0.25803901716455446,0.258026342,0.258026342,0.25805229676991304,0.2580517208516479,0.25802886242004947,0.258036520532936,0.258026342
87,0.258026342,0.25803926241761116,0.258026342,0.258026342,0.258026342,0.258026342,0.25802956175872893,0.258026342,0.25803293270621064,0.25803373933523566
88,0.2580277940936433,0.258026342,0.258026342,0.258026342,0.258026342,0.25804021125462634,0.258026342,0.25804211612700917,0.258026342,0.2580597085455274
89,0.258026342,0.258026342,0.258026342,0.2580323627341841,0.258026342,0.258026342,0.258026342,0.258026342,0.258026342,0.258026342
90,0.25803301233261305,0.25805205922533775,0.258026342,0.258026342,0.258026342,0.25804329632950723,0.25803854954687233,0.258026342,0.25804302255646094,0.2580464095379479
91,0.2580358983867986,0.2580488860748496,0.25804897377761127,0.2580331329585632,0.258026342,0.258026342,0.2580660348082812,0.258026342,0.258026342,0.2580412112531912
92,0.2580370676406502,0.25803173458663725,0.2580278543943757,0.258026342,0.2580445540366536,0.258026342,0.258026342,0.258026342,0.258026342,0.258026342
93,0.258026342,0.2580527731638221,0.2580400551074993,0.258026342,0.25803404034804994,0.2580359999693976,0.25803768034414754,0.258026342,0.2580332451390408,0.258026342
94,0.258026342,0.258026342,0.258026342,0.258026342,0.258026342,0.258026342,0.2580393663088375,0.2580355449721471,0.2580303676257995,0.258038435282154
95,0.2580371335727793,0.258026342,0.258026342,0.258026342,0.258026342,0.258026342,0.258026342,0.2580295509687065,0.25803391090541816,0.2580458189481488
96,0.25803955675629625,0.258026342,0.258038274505561,0.258026342,0.258026342,0.258026342,0.258026342,0.25803035476790215,0.25803451653093945,0.25805306046631726
97,0.2580430913775486,0.25804871718700695,0.258026342,0.2580376340191935,0.258026342,0.258026342,0.2580281670487487,0.25803633901100825,0.2580320297909332,0.2580569481514642
98,0.25804422379311887,0.258026342,0.258026342,0.2580348334745848,0.258026342,0.25804586302075927,0.258026342,0.25803547715454844,0.25803908529630254,0.2580335522948888
99,0.258026342,0.258026342,0.2580414001191661,0.258026342,0.258026342,0.25802695235562495,0.258026342,0.25803617926881517,0.2580327047139151,0.258026342
100,0.258026342,0.258026342,0.258026342,0.25802654654680507,0.258026342,0.258026342,0.258026342,0.258053232263486,0.25803944796803674,0.25804301260342244
101,0.25804346097806147,0.25804331307627554,0.2580425865326893,0.25802635361291776,0.258026342,0.25803912552598224,0.258026342,0.258026342,0.258026342,0.2580551313602982
102,0.2580344218762861,0.2580311886853787,0.258026342,0.2580320588280848,0.258026342,0.258026342,0.258026342,0.25803694643456093,0.2580455961782912,0.258026342
103,0.258026342,0.258026342,0.258037123821164,0.25802894998203285,0.2580334063752271,0.258026342,0.258026342,0.258026342,0.258026342,0.2580453352581869
104,0.258026342,0.258026342,0.258026342,0.258026342,0.25803105416435923,0.258026342,0.2580308491313613,0.258026342,0.258026342,0.2580490159214831
105,0.258026342,0.25804680794601936,0.2580438202294657,0.2580300734708106,0.2580285530207076,0.258026342,0.2580282543519819,0.258026342,0.2580339728380571,0.258026342
106,0.258026342,0.258026342,0.258026342,0.258026342,0.25803483216554074,0.258026342,0.25802926620866823,0.25805115154552516,0.258026342,0.258026342
107,0.2580471356711084,0.258026342,0.2580320698839623,0.2580326853244141,0.258026342,0.258026342,0.258026342,0.25803651653056636,0.258026342,0.2580273725530222
108,0.2580383827815336,0.25803095399573744,0.25802863020533967,0.258026342,0.2580282128791104,0.2580334146962947,0.25803731232618243,0.258026342,0.258026342,0.25803395835468007
109,0.258026342,0.258026342,0.258026342,0.2580426894852252,0.258026342,0.258026342,0.258026342,0.2580349608252953,0.258026342,0.25804013448810914
110,0.258026342,0.25803295037852925,0.25803905801162985,0.2580416690270697,0.258026342,0.258026342,0.258026342,0.258026342,0.2580311763529876,0.258026342
111,0.258026342,0.258026342,0.258026342,0.258026342,0.2580274283821517,0.258026342,0.258026342,0.258026342,0.258026342,0.258026342
112,0.25803980962499656,0.258026342,0.25802844518658785,0.25803638687622454,0.25802832959297733,0.258026342,0.258026342,0.258026342,0.258026342,0.258026342
113,0.2580409392134385,0.2580311432570636,0.258026342,0.2580297924604026,0.2580415916436147,0.258026342,0.258026342,0.258026342,0.25804435784278135,0.258026342
114,0.258026342,0.258026342,0.258040272394092,0.258026342,0.25802764767746544,0.258026342,0.2580376193647173,0.2580437950455243,0.2580354307910876,0.258026342
115,0.25803757450175047,0.25802862967420415,0.2580540002062493,0.25802954369967124,0.2580287559472617,0.258026342,0.2580304687289715,0.258026342,0.258026342,0.258026342
116,0.2580321150448358,0.258026342,0.258026342,0.258026342,0.258026342,0.2580350935312735,0.25803456731929686,0.25804413577002017,0.258026342,0.2580350382707844
117,0.25802652843716684,0.258026342,0.258026342,0.258026342,0.258026342,0.2580427171664418,0.258026342,0.25803381907020834,0.25802658685892504,0.258026342
118,0.258026342,0.2580425679734795,0.258026342,0.258026342,0.258026342,0.258026342,0.258026342,0.258026342,0.2580408210886211,0.25803473564131146
119,0.258026342,0.258026342,0.258026342,0.258026342,0.258026342,0.258026342,0.25803695158645656,0.258026342,0.25804047582493755,0.258026342
120,0.25804033508065993,0.258026342,0.258026342,0.258026342,0.25803422269988174,0.258026342,0.258026342,0.2580332444866899,0.258026342,0.2580380886786635
121,0.258026342,0.2580418550816797,0.25803552252369116,0.258026342,0.25803186446593923,0.2580346560368782,0.258026342,0.258026342,0.25805118306946034,0.25802684696755157
122,0.258026342,0.25802699426930936,0.2580389748725688,0.258026342,0.2580390536872631,0.258026342,0.258026342,0.25805285148377954,0.258026342,0.258026342
123,0.258026342,0.2580349294554585,0.258026342,0.2580272027614335,0.258026342,0.258026342,0.258026342,0.258026342,0.258026342,0.258026342
124,0.25804940007215094,0.258026342,0.2580267592275777,0.2580368989716687,0.258026342,0.25804507800646326,0.25803435714977124,0.258026342,0.25804073935080757,0.2580280777416142
125,0.25803232302808254,0.258026342,0.258026342,0.258026342,0.2580289910580098,0.25803688020325477,0.258026342,0.2580478243257909,0.25803110067937884,0.258026342
126,0.258026342,0.258026342,0.25804566291176967,0.25802797672536765,0.258026342,0.258026342,0.258026342,0.258026342,0.25803908008053894,0.25803995941913704
127,0.25803187584266735,0.258026342,0.258026342,0.2580332426281007,0.25802661370237767,0.2580331804812071,0.258026342,0.258026342,0.25804139223999206,0.25804317106944713
128,0.25804319896609784,0.258026342,0.258026342,0.2580322349108095,0.2580277144819844,0.25804533310424427,0.2580297220210032,0.258026342,0.25804340383786445,0.2580345672976516
129,0.25803762003026187,0.258026342,0.2580313040308825,0.25803399737442995,0.2580266526729495,0.258026342,0.25802763934027945,0.25804264031697416,0.2580423810668236,0.258026342
130,0.25803347098196844,0.258026342,0.258026342,0.258026342,0.258026342,0.258026342,0.258026342,0.2580389978240743,0.258026342,0.25802724418578765
131,0.25805448911992557,0.25802640396329785,0.258026342,0.2580294453552318,0.25803242068737575,0.258026342,0.258026342,0.258026342,0.2580458276178053,0.2580357574090351
132,0.25802762585897393,0.25803216784903626,0.258026342,0.258026342,0.25802778202666343,0.258026342,0.258026342,0.258026342,0.25803116983810215,0.258026342
133,0.258026342,0.258026342,0.258026342,0.258026342,0.258026342,0.258026342,0.25803694744774436,0.258026342,0.258026342,0.25803089014180003
134,0.258026342,0.258038012780605,0.258026342,0.258026342,0.2580286753145712,0.258026342,0.25803809998153865,0.25802664378649265,0.258026342,0.25803829620906527
135,0.25802926262389614,0.25803380816004345,0.258026342,0.25802720507589183,0.2580305594383263,0.258026342,0.25804140341056747,0.25802769505736195,0.25806137703788273,0.2580429410331204
136,0.258026342,0.25803453884075267,0.258026342,0.258026342,0.258026342,0.258026342,0.2580274052206533,0.258026342,0.258026342,0.2580310724488914
137,0.25804262981890935,0.2580266203442118,0.258026342,0.258026342,0.25803064040411494,0.258026342,0.258026342,0.258026342,0.258026342,0.25805029022844655
138,0.258026342,0.2580321490902469,0.25803158025370376,0.258026342,0.2580332625673471,0.258026342,0.258026342,0.2580309815122391,0.258026342,0.258026342
139,0.258026342,0.25803001836669803,0.258026342,0.258026342,0.258026342,0.258038848613394,0.2580358657010051,0.2580371139859398,0.2580547599569484,0.258026342
140,0.258026342,0.25803668971262333,0.258026342,0.2580319428839105,0.258026342,0.258026342,0.258026342,0.2580384995320593,0.258026342,0.2580460712980422
141,0.258026342,0.258026342,0.258026342,0.25803545603704786,0.2580323819580445,0.25803118628001753,0.2580296267719803,0.25803759514853986,0.258026342,0.2580353331802631
142,0.258026342,0.258026342,0.258026342,0.25803707157116856,0.25802890198448275,0.25803439243668763,0.2580394148238548,0.258026342,0.2580588989272009,0.25803848981449967
143,0.258026342,0.258026342,0.258026342,0.258026342,0.25802726619704125,0.258026342,0.2580366084281905,0.25803976990300703,0.258026342,0.25804490368649874
144,0.2580347286387411,0.258026342,0.258026342,0.2580374018472443,0.258026342,0.258026342,0.258026342,0.2580306014953617,0.258026342,0.25805527436740733
145,0.258026342,0.258026342,0.258026342,0.2580385349460033,0.258026342,0.25803149911634726,0.258026342,0.25802671812210204,0.258026342,0.25804881840365307
146,0.258026342,0.258026342,0.258026342,0.258026342,0.25802727963509764,0.258026342,0.2580345674705283,0.258039933036981,0.258026342,0.2580472685660609
147,0.258026342,0.258026718051266,0.258026342,0.258026342,0.258026342,0.2580385747620368,0.25804310082842524,0.2580417645016262,0.2580443566818085,0.258026342
148,0.258026342,0.258026342,0.258026342,0.258026342,0.258026342,0.258026342,0.258026342,0.25803052289067363,0.2580310794500887,0.258051741109992
149,0.2580273026312891,0.2580369156876791,0.258026342,0.258026342,0.2580386193553605,0.258026342,0.25803515918597875,0.258026342,0.2580342953210094,0.258026342
150,0.2580410230052295,0.25803799368585156,0.25804337995902354,0.25803648581257393,0.2580339865242734,0.258026342,0.25804200423340184,0.258026342,0.258026342,0.2580473173235372
151,0.258041537223234,0.258027274420913,0.25804063164818253,0.258026342,0.25803364869767337,0.2580405308559143,0.25802751686966613,0.2580276400513132,0.258026342,0.25804385461395074
152,0.25803235280356496,0.25803670018890323,0.2580393461024091,0.25803590385009123,0.25803487971931643,0.258026342,0.25803670563453485,0.258026342,0.25803964705016175,0.258026342
153,0.258026342,0.2580320977084311,0.258026342,0.2580267309527044,0.258026342,0.258038809890646,0.258026342,0.258026342,0.258026342,0.25804144473606594
154,0.258027098774462,0.258026342,0.2580400595987251,0.258026342,0.25803835704343203,0.258026342,0.2580287787674797,0.2580343939477125,0.258026342,0.258026342
155,0.25803293562765733,0.258026342,0.258026342,0.25804070506581067,0.25803482101663316,0.258026342,0.258026342,0.2580338741897846,0.258026342,0.25803241728448206
156,0.258037791283664,0.258026342,0.258026342,0.2580300467847126,0.2580405545941541,0.2580298913108652,0.2580370337414563,0.258026342,0.25803407994786814,0.25802813883089026
157,0.2580309887421003,0.25803421711207725,0.258026342,0.2580389880238536,0.25803361493042243,0.25803243831142786,0.25802712944979905,0.25803920526115515,0.2580392110590521,0.258026342
158,0.25802718792846235,0.258026342,0.258026342,0.258026342,0.2580350832863278,0.258026342,0.258026342,0.2580303373100161,0.2580273777525245,0.258026342
159,0.258026342,0.2580320725674903,0.258026342,0.258026342,0.258029008492687,0.258026342,0.2580319590838898,0.25802862646585634,0.25803532514417604,0.258026342
160,0.2580343339016151,0.258026342,0.25803436417063724,0.25802694994004305,0.258026342,0.2580364939719145,0.258026342,0.258026342,0.258029872106667,0.258026342
161,0.25803482474592476,0.258026342,0.25804815682333493,0.258026342,0.258026342,0.2580374021033117,0.258026342,0.25802994090968284,0.258026342,0.25803063557140576
162,0.258026342,0.2580374513369787,0.258026342,0.258026342,0.258026342,0.258026342,0.258026342,0.258026342,0.258026342,0.258026342
163,0.2580374858258733,0.258026342,0.258026342,0.258026342,0.2580298627864232,0.258026342,0.258026342,0.258026342,0.25804600467227035,0.258026342
164,0.2580317656567163,0.2580373173435201,0.25804533412399405,0.258026342,0.258026342,0.2580276898702358,0.2580525238059743,0.25802950438357347,0.2580477305509597,0.258026342
165,0.258026342,0.258026342,0.258026342,0.258026342,0.258026342,0.25803621469228727,0.2580436606440527,0.258026342,0.258026342,0.2580325279316877
166,0.2580312823051324,0.258026342,0.258026342,0.258026342,0.258026342,0.258026342,0.258026342,0.2580335228057635,0.258026342,0.258026342
167,0.2580363673366957,0.2580309109318067,0.258026342,0.258026342,0.2580377814010888,0.258026342,0.258026342,0.25802719441094585,0.258026342,0.258031643247991
168,0.258026342,0.25803677787067997,0.25803565446434296,0.2580320161704361,0.258026342,0.258026342,0.258026342,0.258026342,0.258026342,0.258026342
169,0.25804343599101265,0.25803034488876925,0.258026342,0.258026342,0.258026342,0.258026342,0.258026342,0.25803256478223807,0.258026342,0.25803992835167905
170,0.25804306318544656,0.25803181680457465,0.2580444088448286,0.258026342,0.2580426709893135,0.258026342,0.25804844241691605,0.258026342,0.25803787988925997,0.2580293485668171
171,0.25803063691492834,0.2580350117618966,0.258026342,0.258026342,0.25803924460946853,0.2580302943948996,0.25802878321633255,0.258026342,0.258026342,0.258026342
172,0.2580297540987176,0.25803581144331605,0.25803130667943375,0.25802803664912843,0.258026342,0.25804064455972575,0.258026342,0.258026342,0.2580303474515736,0.258026342
173,0.258026342,0.258026342,0.2580493043235645,0.2580307282044752,0.2580405289648064,0.258026342,0.258026342,0.258026342,0.25803088722178097,0.2580327554847683
174,0.258026342,0.258026342,0.258026342,0.258026342,0.258026342,0.2580299254866197,0.258026342,0.25802904307755115,0.258026342,0.25803464406471976
175,0.258026342,0.258026342,0.258026342,0.2580303872895549,0.2580320333561585,0.25804076674596155,0.25803732146450253,0.258026342,0.258026342,0.258026342
176,0.258026342,0.258026342,0.258027309691222,0.258026342,0.258026342,0.2580336795551582,0.2580329047679525,0.258026342,0.258026342,0.25803846369053535
177,0.25804352640689077,0.2580386000229197,0.258026342,0.2580329431947645,0.25803415075456515,0.258026342,0.25802959248525226,0.2580306085016934,0.258026342,0.25802986371213743
178,0.258026342,0.258026342,0.258026342,0.258026342,0.258026342,0.2580318873652778,0.258026342,0.25802833472846753,0.258026342,0.258026342
179,0.258026342,0.258026342,0.258026342,0.258026342,0.25802921524516953,0.258026342,0.25802922238878656,0.25803965799003953,0.25802689501135617,0.2580335043232124
180,0.258026342,0.258026342,0.258026342,0.258026342,0.2580409971427102,0.258026342,0.258026342,0.2580372322585425,0.25802974805126283,0.25803237268925433
181,0.258026342,0.258026342,0.258026342,0.258026342,0.258026342,0.258026342,0.258026342,0.2580415450012279,0.25803347064014326,0.2580291848140101
182,0.25803352206668306,0.258026342,0.2580323989330138,0.25802852912685575,0.258026342,0.258026342,0.258026342,0.258026342,0.25803816851937295,0.2580404466408909
183,0.258026342,0.258026342,0.258026342,0.2580266382076143,0.2580427180360525,0.2580369499913069,0.258026342,0.258026342,0.2580296813567817,0.258026342
184,0.258026342,0.258026342,0.258026342,0.25802870169132575,0.258026342,0.25802729701594185,0.25803974773515614,0.25803784010687497,0.258026342,0.258026342
185,0.258026342,0.258026342,0.2580433663789656,0.25802781630324,0.2580353952327968,0.258026342,0.2580266701233458,0.258026342,0.258026342,0.258026342
186,0.2580308684353275,0.258026342,0.25803019360146606,0.2580295913510671,0.258026342,0.258026342,0.2580363239645491,0.25803321529828793,0.258026342,0.258026342
187,0.2580312107173137,0.258026342,0.258046345920457,0.258026342,0.258026342,0.2580350478717872,0.258026342,0.258026342,0.2580286326171382,0.2580348810939456
188,0.258026342,0.258026342,0.258026342,0.258033126661678,0.2580361247784234,0.258026342,0.258026342,0.258038116718822,0.258026342,0.25803147487124906
189,0.258026342,0.2580298260268186,0.258026342,0.25803012113640006,0.258026342,0.258026342,0.2580429566343171,0.258026342,0.258026342,0.258026342
190,0.25804168393916216,0.258026342,0.258026342,0.258026342,0.258026342,0.25803365301439923,0.25804244837215273,0.2580296431547247,0.25802782404759195,0.258026342
191,0.258026342,0.25802828512122306,0.258035719166116,0.258026342,0.25803313069183254,0.2580271937277042,0.258026342,0.258026342,0.258026342,0.2580292175099667
192,0.25803245073632497,0.258026342,0.258026342,0.2580354330576299,0.25803288528290985,0.258026342,0.258026342,0.258026342,0.258026342,0.258026342
193,0.25803150094457217,0.258026342,0.25804505055278887,0.25803458871908236,0.258026342,0.2580369989407263,0.258026342,0.2580402745260076,0.25803287320534896,0.258026342
194,0.258026342,0.258026342,0.25802765494391255,0.258026342,0.258026342,0.258026342,0.25803159806758513,0.258026342,0.2580344899050409,0.258026342
195,0.258026342,0.25803381498578637,0.2580502644239534,0.2580357363505944,0.258026342,0.258029213173657,0.2580265928646186,0.2580451094768568,0.258026342,0.2580342986957338
196,0.258026342,0.258026342,0.2580405509382324,0.25803003415112463,0.2580326880419045,0.258026342,0.25803577113497816,0.258026342,0.258026342,0.258026342
197,0.25803727811835037,0.258026342,0.25803088843187727,0.258026342,0.258026342,0.258026342,0.258026342,0.258026342,0.25802949538220504,0.258026342
198,0.258026342,0.258026342,0.25804371768176293,0.258026342,0.258026342,0.258026342,0.25803628652293203,0.258026342,0.2580352517553047,0.258034071341234
199,0.258026342,0.258026342,0.258026342,0.258026342,0.2580323550379236,0.258026342,0.2580300047139185,0.258026342,0.2580299986508919,0.25803087067938696
200,0.2580424788110055,0.2580268990428032,0.258055050438842,0.258026342,0.25803950792749736,0.258026342,0.2580404637082733,0.258031773213686,0.258026342,0.258026342
201,0.258035869682521,0.25802831721569996,0.258026342,0.258026342,0.258026342,0.25803525875890093,0.258030278971798,0.2580325059877291,0.258026342,0.258026342
202,0.2580377592942133,0.25802634271750374,0.2580485094033145,0.25803602344167953,0.258026342,0.258026342,0.258026342,0.25802713625968643,0.258030080958052,0.2580281873951263
203,0.258026342,0.2580263549948554,0.2580421370857625,0.25802914545342387,0.258026342,0.258026342,0.258026342,0.2580268218042862,0.25803331127003665,0.258026342
204,0.258026342,0.25802812061718905,0.258026342,0.258026342,0.2580384378180805,0.258026342,0.2580356248141627,0.2580324318366275,0.258026342,0.258026342
205,0.2580408007011058,0.258026342,0.258026342,0.258026342,0.2580287927746453,0.258026342,0.258026342,0.258026342,0.258026342,0.258026342
206,0.258026342,0.258026342,0.258026342,0.258026342,0.258026342,0.2580297097553922,0.25804530432481704,0.258026342,0.258026342,0.2580341961854894
207,0.258026342,0.258026342,0.2580517712077884,0.258026342,0.25804461995911243,0.25803316645381835,0.25803584716847855,0.25803469297093395,0.258026342,0.2580301646893322
208,0.2580375849331596,0.258026342,0.258026342,0.258026342,0.258026342,0.258026342,0.258026342,0.258026342,0.25803392412890747,0.258026342
209,0.258026342,0.258026342,0.258026342,0.25802731100668114,0.25803148192133657,0.258026342,0.2580356694762741,0.258026342,0.258026342,0.25803184980427946
210,0.258026342,0.25802706769913947,0.2580536595637461,0.258026342,0.258026342,0.25803362850842726,0.258026342,0.258026342,0.2580357785207925,0.258026342
211,0.25803282690895685,0.258026342,0.25805700132189757,0.258026342,0.258026342,0.2580277910466013,0.258026342,0.258026342,0.258026342,0.258026342
212,0.258026342,0.258026342,0.258026342,0.258026342,0.2580303668826905,0.258026342,0.2580390654173407,0.25803385103558174,0.25802928290843635,0.258026342
213,0.258026342,0.2580293276135058,0.25804792044958014,0.25803278303143073,0.258026342,0.258026342,0.2580410393582203,0.258026342,0.258026342,0.258026342
214,0.258026342,0.25803374369044096,0.258026342,0.258026342,0.258026342,0.2580346028523505,0.25805068249967417,0.2580278051686827,0.2580288322546221,0.258026342
215,0.258026342,0.25802807700101144,0.258026342,0.258026342,0.25803360241758877,0.258026342,0.258026342,0.25803068338780677,0.2580297923025703,0.2580331030618178
216,0.2580311326541938,0.25803018162258756,0.258026342,0.258026342,0.258026342,0.258026342,0.258026342,0.258026342,0.258026342,0.2580301573043099
217,0.25804126716892495,0.258026342,0.258026342,0.258026342,0.2580375772807059,0.2580305744266533,0.258026342,0.258026342,0.2580336812663251,0.2580305117870528
218,0.258026342,0.2580311970652481,0.2580271266870616,0.25803088395932233,0.258026342,0.258027028547484,0.25803669721810085,0.258026342,0.2580408899593414,0.25802942229603415
219,0.258026342,0.258026342,0.25803632080781747,0.258026342,0.258026342,0.258026342,0.25803392369095135,0.258026342,0.258026342,0.25803388319372583
220,0.258026342,0.25802770423863564,0.258026342,0.258026342,0.2580335538441727,0.25803400356034045,0.258026342,0.25803462241309505,0.2580304429574576,0.258026342
221,0.25803339344858534,0.258026342,0.25804319983633056,0.258026342,0.2580288311760907,0.258026342,0.258026342,0.2580312154936637,0.258026342,0.2580313266909193
222,0.25803138879935006,0.258026342,0.258026342,0.258026342,0.2580298250901449,0.258026342,0.2580427208046476,0.258026342,0.258026342,0.258026342
223,0.258026342,0.258026342,0.258026342,0.25802866327178187,0.258026342,0.258026342,0.258026342,0.258026342,0.258026342,0.2580267985071774
224,0.2580266917287415,0.2580281420471147,0.258026342,0.258026342,0.2580383203077547,0.258026342,0.258026342,0.258026342,0.2580335672288025,0.2580350525972502
225,0.258026342,0.25802991111548523,0.258026342,0.25803108095761096,0.258026342,0.258026342,0.258026342,0.25803144193676897,0.25803544778052684,0.25803144113488663
226,0.258026342,0.258026342,0.258026342,0.2580282052190923,0.25803012142096304,0.258026342,0.2580292498293813,0.258026342,0.258026342,0.25803676753263405
227,0.2580327983689475,0.25802712493837465,0.258026342,0.2580318889438362,0.258026342,0.258026342,0.258026342,0.258026342,0.2580309460120284,0.258026342
228,0.25802639968451463,0.258026342,0.258026342,0.258027628735896,0.258026342,0.25803111772895904,0.258026342,0.25803019080367756,0.258026342,0.25802655193292606
229,0.25802694486075456,0.2580283245098454,0.258026342,0.2580328920931699,0.258032670266312,0.258026342,0.258026342,0.258026342,0.25804653949219486,0.258026342
230,0.25803036044454136,0.258026342,0.2580263420000001,0.258037397805681,0.258026342,0.258026342,0.258026342,0.258026342,0.2580403813525707,0.25802726107035734
231,0.25803299165618404,0.258026342,0.258026342,0.2580314502664694,0.258026342,0.258026342,0.258026342,0.2580326380048527,0.258026342,0.25802827507284054
232,0.25803411651713387,0.258026342,0.258026342,0.258026342,0.258029382204121,0.2580329497899639,0.2580323998375182,0.2580311872388069,0.25802838655911625,0.258026342
233,0.258026342,0.2580268275340852,0.25803064163250433,0.25803620563193036,0.258026342,0.258026342,0.25802748968434747,0.258026342,0.258026342,0.2580349981044646
234,0.258026342,0.258026342,0.258026342,0.2580366880423807,0.258026342,0.2580282365803907,0.258026342,0.258026342,0.25802659991081145,0.2580382087407809
235,0.258026342,0.258026342,0.258026342,0.258026342,0.258026342,0.25803234219575255,0.25802964973692877,0.258026342,0.258026342,0.2580313707349305
236,0.25803594709228983,0.2580281354535973,0.2580354704634761,0.258026342,0.2580317019370026,0.258026342,0.25803576153982133,0.2580306576287223,0.258026342,0.25803659655452593
237,0.2580278996262213,0.258026342,0.258026342,0.2580357746026455,0.258026342,0.258026342,0.258026342,0.2580309503910905,0.25802694314064506,0.25803218050544846
238,0.258026342,0.258026342,0.25803860697443115,0.258026342,0.25803730683088066,0.258026342,0.2580334219924542,0.25802849141628265,0.2580266767651464,0.25803988970900416
239,0.2580355064796737,0.258026342,0.2580296284570129,0.258026342,0.25803475780706137,0.258026342,0.258026342,0.25803039486328333,0.258026342,0.2580373211675926
240,0.2580334611648304,0.258026342,0.2580357791173858,0.25803406515269695,0.258026342,0.25802774855302735,0.258026342,0.258026342,0.258026342,0.258026342
241,0.258026342,0.25802813404010516,0.258026342,0.258026342,0.258026342,0.258026342,0.25803151552488013,0.2580324921051267,0.2580297292147129,0.258026342
242,0.258026342,0.2580304427712941,0.258026342,0.258026342,0.2580344730501683,0.258026342,0.25803749572132517,0.2580273671656262,0.258026342,0.258026342
243,0.2580311920011987,0.2580311879269559,0.2580370424571675,0.2580372148208413,0.25802722535233763,0.25802914015794776,0.25803182811099823,0.2580352649071248,0.2580311345191192,0.258026342
244,0.258026342,0.258026342,0.258026342,0.258026342,0.25803764143048585,0.2580334928007884,0.258026342,0.2580329060073596,0.258026342,0.258026342
245,0.258026342,0.258026342,0.25802797229311214,0.258026342,0.2580340544031645,0.258026342,0.258026342,0.25802898393367146,0.258026342,0.25804083609593864
246,0.25802991746066856,0.2580307336362416,0.2580334720445123,0.258026342,0.25804223347807814,0.258026342,0.258026342,0.258026342,0.258026342,0.258026342
247,0.258026342,0.258026342,0.2580349752916438,0.25802690012170587,0.258026342,0.258026342,0.25803538217969796,0.258026342,0.25803192725430446,0.258026342
248,0.25802890614947266,0.258026342,0.2580276982622018,0.258026342,0.25803886148200267,0.258026342,0.2580300462266451,0.2580281052135586,0.25802874413772153,0.258026342
249,0.258026342,0.25803099080475966,0.258026342,0.25803615591209805,0.25804246122537106,0.258031990122508,0.2580265152544548,0.258026342,0.258026342,0.25803393072546865
250,0.2580329465884914,0.258026342,0.258026342,0.258037516103212,0.2580474553773458,0.258026342,0.258026342,0.258026342,0.258026342,0.25802746827128664
251,0.258026342,0.258026342,0.25803443001727866,0.2580286141754247,0.25805197857796264,0.2580304989699747,0.2580340433200943,0.2580342572805872,0.25803064686058114,0.258026342
252,0.2580343155633315,0.258026342,0.258026342,0.2580367401830577,0.2580515872913996,0.2580321498119354,0.258026342,0.258026342,0.25803001958138194,0.25802763554175256
253,0.258026342,0.2580282129089229,0.258026342,0.25802763346114194,0.2580389775136118,0.25802681491543666,0.25803772974022154,0.258026342,0.258026342,0.258026342
254,0.258026342,0.25803000901339784,0.258026342,0.2580297498293514,0.2580458050804533,0.2580266563595543,0.25803340554644394,0.2580372736560505,0.258026342,0.258026342
255,0.258026342,0.25802896966677935,0.25802692351558726,0.25802871842428426,0.25804607720149336,0.258026342,0.258026342,0.258026342,0.258026342,0.258026342
256,0.2580299713083251,0.25802888991462436,0.258026342,0.25803206667924733,0.2580707288335206,0.25803357515103575,0.2580365285410526,0.2580326091848734,0.25803123151312357,0.25803031796402576
257,0.25803349432991224,0.258026342,0.258026342,0.2580284525715093,0.258026342,0.258026342,0.258026342,0.258026342,0.25802848343377255,0.25803320092204257
258,0.258026342,0.2580324495187889,0.2580284657736519,0.258026342,0.25803922758342007,0.258026342,0.25803198102141806,0.258026342,0.25802736652831154,0.2580286080356304
259,0.258026342,0.2580281519563925,0.258026342,0.25802753215215185,0.258026342,0.2580317679981481,0.258026342,0.258034834596042,0.258026342,0.258026342
260,0.25803140190978663,0.25803193782617334,0.2580290735224066,0.2580342569513029,0.258026342,0.25802636051777283,0.258026342,0.258026342,0.2580306378056005,0.2580281314773651
261,0.25802861696218,0.25802964635261016,0.258026342,0.258026342,0.25804462298234115,0.258026342,0.258026342,0.2580296749016471,0.2580334177503523,0.2580291263953257
262,0.258026342,0.258026342,0.25803193114437395,0.25803275483786675,0.258026342,0.258026342,0.258026342,0.258026342,0.258026342,0.258026342
263,0.2580273826374461,0.258026342,0.2580312969782219,0.258026342,0.2580517101971576,0.2580320823775214,0.2580317228982393,0.25802773357066205,0.258026342,0.25803283850447184
264,0.258026342,0.258026342,0.258026342,0.2580294267387353,0.2580442482593167,0.25803094776757146,0.25803622386517705,0.258026342,0.25802912144053947,0.2580278608805325
265,0.25802805015453173,0.2580335171423714,0.25802757546194766,0.258026342,0.25804037562770893,0.258026342,0.25803085103319323,0.25802659666328687,0.258026342,0.2580322594132279
266,0.25802987581962894,0.2580298433992949,0.258028418009924,0.258026342,0.258026342,0.258026342,0.258026342,0.258026342,0.258026342,0.2580298902088274
267,0.2580297588052488,0.258026342,0.25802648053119875,0.258026342,0.258026342,0.2580316287229839,0.258026342,0.258026342,0.258026342,0.2580337243847238
268,0.258026342,0.2580326260214355,0.2580320677918282,0.2580296311422359,0.2580519573792165,0.258026342,0.258026342,0.2580275232457014,0.258026342,0.25803589027118595
269,0.2580312654705295,0.258026342,0.2580273042952191,0.2580271464867026,0.2580330563664282,0.258026342,0.258026342,0.25803090064612505,0.25803053021029365,0.25802685169564726
270,0.258026342,0.258026342,0.258026342,0.2580279690380284,0.25806596533921766,0.258026342,0.25802879911606635,0.258031452414651,0.258026342,0.2580273045020426
271,0.2580318534024376,0.258026342,0.258026342,0.258026342,0.258026342,0.2580279990629711,0.258026342,0.258026342,0.25802989540976967,0.258026342
272,0.258026342,0.258026342,0.258026342,0.258026342,0.25803259373485016,0.258026342,0.2580315182901742,0.25803080074290646,0.2580286549640954,0.258026342
273,0.258026342,0.258026342,0.258026342,0.2580312203550639,0.25803322222762964,0.25802684931755093,0.258026342,0.258026342,0.2580266252140467,0.25803179017555117
274,0.2580284152106282,0.258026342,0.258026342,0.258026342,0.258026342,0.258026342,0.258026342,0.25803108983687856,0.258026342,0.25802763581670585
275,0.25803353189464984,0.258026342,0.258026342,0.2580279432962269,0.25804297148798816,0.2580326526588169,0.25803436347173786,0.25802896482832016,0.25803042841823914,0.258026342
276,0.258026342,0.258026342,0.258026342,0.25802870196381505,0.25805061041532923,0.258026342,0.25803275026536104,0.2580301067312538,0.25803205424215725,0.258026342
277,0.2580339979787577,0.2580274257744482,0.2580303342746051,0.2580282998120933,0.2580293276459542,0.258026342,0.25803474709853236,0.25802857928996575,0.258026342,0.258026342
278,0.258026342,0.25803050301261343,0.258026342,0.258026342,0.258026342,0.258026342,0.258026342,0.2580295479339651,0.258026342,0.258026342
279,0.258031387025935,0.2580334270340561,0.258026342,0.258026342,0.258026342,0.25803097534852315,0.258026342,0.258029371297814,0.25802969168322126,0.258026342
280,0.25802959679235943,0.258026342,0.258026342,0.25802759609042913,0.2580263420000001,0.258026342,0.25802654781021883,0.25803366758944735,0.258026342,0.258026342
281,0.258026342,0.2580329763502925,0.258026342,0.2580263864299451,0.258026342,0.258026342,0.25803006980774235,0.258026342,0.258026342,0.258026342
282,0.2580311646340497,0.25803212887533955,0.258026342,0.258026342,0.258026342,0.25802882548295963,0.2580329787977268,0.2580288786602644,0.258026342,0.258026342
283,0.25802988899688983,0.2580321788369444,0.258026342,0.258026342,0.25803975153903197,0.2580283119391778,0.258028262961025,0.25803096257207764,0.2580320407313088,0.258026342
284,0.258026342,0.258026342,0.2580271594258677,0.258026342,0.2580275686262432,0.258026342,0.25803094296719037,0.258026342,0.258026342,0.258026342
285,0.25802733787350257,0.258026342,0.2580287409128527,0.258026342,0.25803423271662473,0.25803034716367734,0.258026342,0.2580319717193256,0.25803051701094537,0.2580300392346265
286,0.258026342,0.258026342,0.258026342,0.25802781209642967,0.258026342,0.25803306993939307,0.2580368681178816,0.258026342,0.2580304263469066,0.258026342
287,0.25803389672199484,0.258026342,0.2580271627426737,0.2580266961270598,0.25803291947055956,0.25803244665356845,0.258026342,0.258026342,0.258026342,0.258026342
288,0.25803830147079493,0.25802950894896637,0.2580271122876458,0.258026342,0.25804193405941905,0.258026342,0.258026342,0.258026342,0.2580266224200881,0.2580296705854158
289,0.258026342,0.258026342,0.2580307582893205,0.258026342,0.25802663980013224,0.25802928090181454,0.25803527304492413,0.258026342,0.2580287704419638,0.258026342
290,0.258026342,0.2580298948595399,0.258026342,0.258026342,0.258026342,0.258026342,0.258026342,0.25802652144259713,0.258026342,0.2580289953390735
291,0.258026342,0.258026342,0.25802921361203984,0.258026342,0.258026342,0.2580332936139179,0.258026342,0.25803319224125687,0.258026342,0.258026342
292,0.25802805261753403,0.258026342,0.258026342,0.2580291157148495,0.25804190013354583,0.258026342,0.258026342,0.25803412557452543,0.258026342,0.258026342
293,0.258026342,0.258026342,0.258026342,0.258026342,0.2580326352181385,0.258026342,0.2580396510494923,0.258026342,0.258026342,0.25802981806778685
294,0.258026342,0.258026342,0.2580295053144409,0.2580270553025705,0.25803731889994924,0.258026342,0.258026342,0.258026342,0.25803229298453145,0.258026342
295,0.2580343470156261,0.258026342,0.25802982390840573,0.25802635154253595,0.25804078980837697,0.258026342,0.258026342,0.258026342,0.258026342,0.258026342
296,0.2580301691716711,0.258026342,0.258026342,0.258026342,0.2580372357644758,0.258026342,0.2580352698821796,0.258026342,0.258026342,0.258026342
297,0.258026342,0.258026342,0.258026342,0.25802824628746757,0.2580334091517886,0.258026342,0.258026342,0.258026342,0.258026342,0.258026342
298,0.258026342,0.258026342,0.258026342,0.25802774221077435,0.258026342,0.258026342,0.258026342,0.25803086541645176,0.2580354393653999,0.2580282758578334
299,0.258026342,0.258026342,0.2580289886277144,0.25802960167146843,0.258026342,0.258026342,0.25802822635303474,0.258026342,0.258026342,0.2580308734558634
300,0.258026342,0.258026342,0.2580311910901853,0.2580303841088818,0.258026342,0.2580307391359561,0.25803111847392035,0.2580289396390796,0.2580341461769254,0.25802919530780855
301,0.258026342,0.258026342,0.258026342,0.2580281308309476,0.258026342,0.25803153160398923,0.258026342,0.258026342,0.258026342,0.258026342
302,0.258026342,0.258026342,0.25803074014423977,0.258026342,0.258026342,0.2580314678649009,0.25803544450732097,0.25802920283256175,0.25803222335132486,0.258026342
303,0.2580289896449937,0.258026342,0.258026342,0.258026342,0.258026342,0.25802834664395047,0.258026342,0.258026342,0.258026342,0.258026342
304,0.2580326192899635,0.258026342,0.258026342,0.258026342,0.25803025256966516,0.25802939958460247,0.2580271070955272,0.258026342,0.258026342,0.258026342
305,0.258026342,0.25803156277474965,0.2580331301178768,0.2580316970589744,0.258026342,0.25802765462813443,0.258026342,0.258026342,0.258026342,0.258026654386596
306,0.258026342,0.2580272631016339,0.258026342,0.25802864085734256,0.25802790692324445,0.258026342,0.25803196031745834,0.25803014158067283,0.25803057572430504,0.25802968605353016
307,0.25802689340086,0.258026342,0.2580311082591147,0.2580269074531093,0.258026342,0.258026342,0.258026342,0.2580272033879323,0.25803002422174487,0.2580310027194509
308,0.25802675263888886,0.25802910775296656,0.25803160468019326,0.25803122009263907,0.25803565533613315,0.25802636909990484,0.25802975039059634,0.258026342,0.25802691366641317,0.258026342
309,0.258026342,0.25802742620923597,0.258026342,0.258026342,0.258026342,0.2580263420000001,0.2580354465689174,0.25802650135452443,0.258026342,0.25802729253772416
310,0.2580293216956996,0.258026342,0.2580321259303526,0.258026342,0.258026342,0.258026342,0.258026342,0.25802765875630523,0.25802703712479874,0.25802690664876743
311,0.258026342,0.258026342,0.258026342,0.2580316604796435,0.25803343971194026,0.25803366357245355,0.258026342,0.258026342,0.2580309727284923,0.2580294992816015
312,0.2580321831885205,0.2580295053657767,0.258026342,0.2580294761338038,0.258026342,0.258026342,0.25802688510676075,0.258026342,0.258026342,0.2580316340383324
313,0.258026342,0.2580291777811575,0.258026342,0.2580295825672158,0.258026342,0.2580342347311677,0.25803459715160354,0.25802943522025096,0.25802821097039813,0.2580308558428438
314,0.258026342,0.258026342,0.2580320126837084,0.258026342,0.258026342,0.2580275718325823,0.2580292392087949,0.2580266838253139,0.258026342,0.25803134721993953
315,0.258026342,0.258026342,0.258026342,0.258026342,0.258026342,0.25802701725901855,0.25802850302578234,0.25802727343163434,0.25802789862547426,0.258026342
316,0.258026342,0.258026342,0.25802984137133833,0.25802667618106767,0.25803197131869854,0.258026342,0.258026342,0.25803090817028684,0.258026342,0.2580304966741736
317,0.2580268709102447,0.258026342,0.2580279900396758,0.2580303927758966,0.258026342,0.258026342,0.2580336073753038,0.258026342,0.258026342,0.258026342
318,0.2580309369356114,0.2580288463389911,0.258026342,0.2580315515678,0.258026342,0.258026342,0.2580352761437292,0.258026342,0.258026342,0.258026342
319,0.25803173131710583,0.25802701088113117,0.258026342,0.25803023797204616,0.258026342,0.258026342,0.258026342,0.258026342,0.2580306124651161,0.2580307624093492
320,0.25802779165605344,0.25802762725560857,0.258026342,0.25802700102670545,0.258026342,0.25802687366948707,0.2580321842372332,0.258026342,0.2580287132112073,0.258026342
321,0.258026342,0.25803031951514394,0.25802806234004316,0.258026342,0.25802954854004817,0.258029148081819,0.258026342,0.258026342,0.25802686277302755,0.258026342
322,0.258026342,0.258026342,0.25802928491711297,0.25803012952254534,0.2580271670053858,0.258026342,0.258026342,0.2580277705801681,0.258026342,0.2580291099229533
323,0.258026342,0.258028678141564,0.2580325579994285,0.258026342,0.2580273248200491,0.258026342,0.258026342,0.25802939623981197,0.25802801709178014,0.2580269727936554
324,0.258026342,0.258026342,0.258026342,0.258028618414449,0.258026342,0.258026342,0.2580340367729733,0.258029021327785,0.2580283309274346,0.2580264392519454
325,0.2580311509897184,0.258026342,0.258031019369558,0.25802897140321074,0.25802746730018566,0.25802837661688904,0.258026342,0.258026342,0.258026342,0.25802914320200493
326,0.258026342,0.25802927269153736,0.258026342,0.25803647883051767,0.25802799037386465,0.25803251597030935,0.2580324097824586,0.258026342,0.258026342,0.258026342
327,0.25802657426139247,0.258029826902527,0.258026342,0.258026342,0.258026342,0.258026342,0.258026342,0.25802744845829473,0.258026342,0.258026342
328,0.2580303370956031,0.2580266445458114,0.2580322796342843,0.258026342,0.258026342,0.25803354335456125,0.258026342,0.25802753493994934,0.258026342,0.258026342
329,0.2580268819146268,0.258026342,0.2580273779723216,0.25803718696301203,0.258026342,0.2580323460051822,0.2580280195879222,0.258026342,0.258026342,0.258026342
330,0.258026342,0.25802756910651137,0.258026342,0.258026342,0.258026342,0.25803002732171404,0.2580303133508844,0.25802820290147194,0.258026342,0.258026342
331,0.258026342,0.258026342,0.258026342,0.2580337089797535,0.25802702316107484,0.258026342,0.25803104212888534,0.2580276114964036,0.258026342,0.258026342
332,0.258026342,0.258026342,0.258026342,0.25803231622408296,0.258028615828762,0.258027899703843,0.258026342,0.2580289282000283,0.258026342,0.25803094844226243
333,0.258026342,0.258026342,0.258026342,0.258026342,0.2580306878168377,0.258026342,0.2580264759375432,0.258026342,0.25802666841827215,0.2580272885192764
334,0.258026342,0.25802730098211274,0.25802822337812725,0.258026342,0.258026342,0.25803440699952895,0.2580298935446809,0.2580293458888928,0.2580285971883298,0.258026342
335,0.25802917589113106,0.25803101282963226,0.2580318153435896,0.25802950461793056,0.258026342,0.258026342,0.25802798924973847,0.258026342,0.258026342,0.2580311382171027
336,0.258026342,0.25802830798742965,0.25802988264101895,0.2580348826981019,0.258026342,0.2580296107580717,0.2580295984981662,0.2580286290295745,0.25802680656324284,0.258026342
337,0.258026342,0.258026342,0.258027615266507,0.258026342,0.258026342,0.2580293726409367,0.258026342,0.25802698359252596,0.258026943765683,0.2580264707015239
338,0.25802906452311913,0.2580280862979931,0.258026342,0.258026342,0.25803000741060667,0.258028809872799,0.258026342,0.258026342,0.258026342,0.25802742758447084
339,0.2580285637353259,0.258026342,0.258026342,0.258026342,0.258026342,0.258026342,0.25802775745102213,0.258026342,0.258026342,0.258028939153976
340,0.258026342,0.2580281126762026,0.258026342,0.258026342,0.258026342,0.25802791249071955,0.258026342,0.258026342,0.258026342,0.2580285236516913
341,0.2580277439532925,0.25803012165575895,0.2580266868023681,0.258026342,0.25802865594140806,0.2580284621588231,0.2580329526666145,0.258026342,0.258026342,0.258026342
342,0.258026342,0.2580290782850608,0.258026342,0.2580323665990913,0.258026342,0.2580266638899581,0.2580307021990779,0.25802885933382524,0.2580287208938102,0.258026342
343,0.25802654924745144,0.258026342,0.25802647071749096,0.258026342,0.25802972427125115,0.258026342,0.258026342,0.258026342,0.258030548217976,0.258026342
344,0.2580295499880933,0.258026342,0.258026342,0.2580292227908558,0.258026342,0.258026342,0.258026342,0.25802726619186495,0.2580280333872094,0.25803044497810235
345,0.258026342,0.258026342,0.258026342,0.258026342,0.258026342,0.258026342,0.258026342,0.25802902108269904,0.2580267320135365,0.25802767719765135
346,0.258026342,0.25802699836047516,0.258026342,0.258026342,0.258026342,0.258026342,0.258029428914046,0.2580305157533778,0.25802939653791235,0.258026342
347,0.2580307162939393,0.258026342,0.25802805188111355,0.258026342,0.258026342,0.2580326121177274,0.2580316904809149,0.258026342,0.258026342,0.258026342
348,0.2580288447925951,0.25802861586514647,0.2580274480608384,0.258026342,0.258026342,0.2580336723083075,0.258026342,0.258026342,0.258026342,0.258026342
349,0.258026342,0.258026342,0.2580316164415517,0.258026342,0.258026342,0.25802832133138187,0.258026342,0.258026342,0.258026342,0.25803065282752297
350,0.2580301562981784,0.25802846468505175,0.258026342,0.25802891459907584,0.258026342,0.258026342,0.258026342,0.258026342,0.258026342,0.258026342
351,0.25802919582482803,0.2580303945398474,0.258026342,0.258026342,0.258026342,0.2580353907809855,0.258026342,0.258026342,0.2580288182615374,0.25802851628693685
352,0.2580314739893632,0.258026342,0.258026342,0.2580315769831004,0.258026342,0.258026342,0.258026342,0.258026342,0.258026342,0.2580302477836632
353,0.258026342,0.25803137293314593,0.258026342,0.2580275931264917,0.25802687796066015,0.258026342,0.2580322093931701,0.25802874021536154,0.258026342,0.25803173710459926
354,0.2580272150842697,0.258026342,0.25802932963255537,0.258026342,0.25802845043132433,0.25803417844875154,0.258026342,0.25802644808134834,0.25802976349638707,0.25802646878641605
355,0.2580306986021268,0.258026342,0.2580272742963436,0.258026342,0.258028180004738,0.258026342,0.2580279884123436,0.25802964444409277,0.25802835094319587,0.25802943373352943
356,0.2580286723324104,0.2580316907234787,0.258026342,0.25803307741532344,0.2580291714179111,0.258026342,0.258026342,0.258026342,0.258026342,0.2580265928313191
357,0.25802948385753194,0.258026342,0.258026342,0.2580331263347652,0.258026342,0.258026342,0.258026342,0.258026342,0.25802638085351665,0.25803428621296154
358,0.258026342,0.25802709944631586,0.258026342,0.2580268001174173,0.25802870934504313,0.25802861659764637,0.25802819993976817,0.2580268268284324,0.2580288634210929,0.258026342
359,0.258026342,0.258026342,0.25802789996084075,0.258026342,0.25802712172461323,0.25803289542596336,0.258026342,0.258026342,0.2580280580334178,0.2580304040227524
360,0.258026342,0.258026342,0.25803037526680306,0.25803171049614687,0.258029779464525,0.258026342,0.258026342,0.258026342,0.258026342,0.258026342
361,0.258029995259941,0.25803088586389594,0.2580267713687591,0.258026342,0.25802856707338445,0.258026342,0.25802658551245766,0.25802727179762025,0.258026342,0.258026342
362,0.2580318887629585,0.258026342,0.25802971537236163,0.2580336466129039,0.258026342,0.258026342,0.258026342,0.258029031474629,0.258026342,0.2580306732328652
363,0.258026342,0.258026342,0.258026342,0.258026342,0.258026342,0.258026342,0.258026342,0.2580290756837195,0.258026342,0.2580264171317311
364,0.2580291259307789,0.258026342,0.25802699830702736,0.258026342,0.258026342,0.2580271052427822,0.25802808504221814,0.25802967026792223,0.258026342,0.25803448981207716
365,0.25802755998673893,0.258026342,0.258026342,0.2580316843875469,0.25802819202937977,0.2580315136042177,0.258026342,0.258026342,0.2580273745065577,0.258026342
366,0.2580308257937649,0.258026342,0.258026342,0.258026342,0.25802720874439716,0.258026342,0.258026342,0.25802954250364624,0.258026342,0.258026342
367,0.25803236245465716,0.2580294034789124,0.258026342,0.2580305494824877,0.258026342,0.258026342,0.258026342,0.258026342,0.258026342,0.258026342
368,0.258026342,0.2580277541704517,0.258026342,0.258026342,0.25802641859192504,0.2580290516808293,0.258026342,0.258026342,0.258026342,0.258026342
369,0.258026342,0.258026342,0.258026342,0.25802682028718954,0.2580270100470352,0.25802928815581594,0.2580303583189746,0.2580283235300292,0.258026342,0.258026342
370,0.258026342,0.258026342,0.258026342,0.258026342,0.258026342,0.2580290352835897,0.258026342,0.258026342,0.258026342,0.258026342
371,0.2580281154509751,0.258026342,0.258026342,0.258026342,0.2580277644245616,0.25803084590052955,0.258026342,0.258026342,0.2580276417120721,0.2580316714763204
372,0.25802709385909184,0.258026342,0.2580284515585723,0.258026342,0.258026342,0.2580291882651502,0.25802935345403294,0.25802912104515113,0.258026342,0.258026342
373,0.258026342,0.25803069726682915,0.25802735507289465,0.25802807384635873,0.258026342,0.25803084355954964,0.258026342,0.258026342,0.258026342,0.258026342
374,0.258026342,0.25802729215747827,0.258026342,0.25803272185387083,0.25802770413330695,0.258026342,0.2580294738623299,0.258026342,0.2580296281366953,0.258026342
375,0.258026342,0.258026342,0.2580263449741303,0.258026342,0.2580289984044151,0.258026342,0.258026342,0.2580279220302039,0.258026342,0.25803054356392924
376,0.258026342,0.258026342,0.2580265328765306,0.258033083235958,0.25803092206331896,0.258026342,0.258027691479359,0.25802732276535384,0.2580291050934371,0.25802780806688874
377,0.258026342,0.2580281951365613,0.258026342,0.258026342,0.2580272207639358,0.2580289661344421,0.258026342,0.258026342,0.258026342,0.258026342
378,0.258026342,0.258026342,0.25802764999746536,0.25802843609948334,0.2580289701829249,0.258026342,0.258026342,0.25802802369423833,0.25802777913520675,0.25803101947630475
379,0.258026342,0.25802684774437856,0.2580277578044527,0.2580347576905936,0.2580278373606671,0.2580309278414391,0.258026342,0.258026342,0.258026342,0.258030737132735
380,0.2580298752307268,0.258026342,0.258026342,0.25802689373567056,0.2580280831907518,0.2580307873712193,0.258026342,0.2580286469215233,0.258026342,0.25802784682080976
381,0.2580304031703527,0.25803054396197406,0.258026342,0.25803371720279894,0.258026342,0.25802847364678244,0.258026342,0.258026342,0.2580264261790529,0.258026342
382,0.258026342,0.258026342,0.258026342,0.2580289005513904,0.25802800955058847,0.258026342,0.25802710476581303,0.258026342,0.258026342,0.258026342
383,0.258026342,0.258026342,0.258026342,0.25803349716475793,0.2580306009841753,0.258026342,0.25802784858069416,0.258026342,0.258026342,0.2580284628816421
384,0.2580318406162637,0.2580270671957051,0.2580272070338184,0.258026342,0.2580314331273462,0.258026342,0.25802777465919907,0.258026342,0.258026342,0.25802682014884404
385,0.25802640372567287,0.2580290823427344,0.258026342,0.258026342,0.25802895902302575,0.258026342,0.258026342,0.2580307898790965,0.258026342,0.258026342
386,0.25802951590673495,0.258026342,0.258026342,0.258026342,0.258026342,0.258026342,0.25802728706835026,0.258026342,0.258026342,0.258026342
387,0.25802909972889526,0.2580289625822558,0.25802717403964726,0.258026342,0.2580288064906295,0.258026342,0.258026342,0.258026342,0.258026342,0.25803125193429965
388,0.258028100191438,0.258026342,0.258026342,0.258034061773201,0.25802871913134207,0.258026342,0.258026342,0.25802732850029125,0.2580265248823256,0.258026342
389,0.258026342,0.25802893880896116,0.25802854746881826,0.258026342,0.25802701665273775,0.25803104246810477,0.258026342,0.2580280382714592,0.258026342,0.258026342
390,0.2580275363815294,0.258026342,0.258026342,0.258026342,0.258026342,0.258026342,0.258026342,0.258026342,0.258026342,0.2580265861492185
391,0.2580281805884238,0.258026342,0.2580291385999308,0.258026342,0.258026342,0.258026342,0.25802855403869485,0.258026342,0.2580266194388575,0.2580272114418865
392,0.258026342,0.258026342,0.258026342,0.258026342,0.258026342,0.258028818529593,0.258026342,0.258026342,0.258026342,0.258026342
393,0.258026342,0.258026342,0.258026342,0.2580334970636912,0.258027416075977,0.258026342,0.2580265484758562,0.258026342,0.258026342,0.2580296195543717
394,0.258026342,0.25802771228527965,0.258026342,0.258026342,0.2580285484283448,0.258026342,0.258026342,0.258026342,0.25802824825811577,0.258026342
395,0.25802768738924614,0.2580269302537979,0.258026342,0.258026342,0.25803251458309245,0.25802646825929004,0.258026342,0.25802879567601794,0.25802759723680124,0.2580266625421275
396,0.258026342,0.25802905572958434,0.2580280478530817,0.258026342,0.258026342,0.258026342,0.2580286032035856,0.258026342,0.258026342,0.25802667672074325
397,0.2580296907083799,0.258026342,0.258026342,0.258026342,0.2580314704107434,0.2580302502198328,0.258026342,0.258026342,0.258026342,0.258026342
398,0.2580271911155645,0.25802723608950645,0.2580274441859498,0.258026342,0.258026342,0.258026342,0.25802792288247806,0.258026342,0.2580273167579139,0.258026342
399,0.258026342,0.25803048239316223,0.25802936204811117,0.258026342,0.258026342,0.258026342,0.25802912784727877,0.258026342,0.258026342,0.2580306988563097
400,0.2580310240159076,0.25803065506163636,0.258026342,0.258026342,0.2580312454555219,0.25803040501545293,0.258026342,0.258028439798294,0.2580275228148813,0.258026342
