1,100.0,100.0,100.0,100.0,100.0,100.0,100.0,100.0,100.0,100.0,100.0,100.0,100.0,100.0,100.0,100.0,100.0,100.0,100.0,100.0
2,100.0,102.0,102.0,101.0,101.0,103.0,104.0,103.0,100.0,104.0,101.0,103.0,103.0,101.0,103.0,103.0,102.0,101.0,101.0,102.0
3,107.0,89.0,107.0,101.0,96.0,103.0,96.0,93.0,91.0,98.0,91.0,79.0,102.0,102.0,90.0,99.0,97.0,104.0,101.0,106.0
4,93.0,106.0,94.0,99.0,103.0,94.0,85.0,103.0,83.0,77.0,108.0,97.0,89.0,105.0,102.0,91.0,94.0,95.0,99.0,96.0
5,91.0,88.0,95.0,101.0,85.0,90.0,100.0,96.0,98.0,103.0,86.0,99.0,98.0,97.0,103.0,97.0,95.0,101.0,90.0,102.0
6,101.0,107.0,92.0,110.0,89.0,87.0,98.0,88.0,104.0,79.0,66.0,99.0,107.0,96.0,96.0,108.0,94.0,99.0,103.0,110.0
7,108.0,73.0,104.0,98.0,96.0,97.0,86.0,105.0,89.0,98.0,98.0,107.0,106.0,97.0,108.0,83.0,89.0,94.0,108.0,114.0
8,109.0,74.0,91.0,112.0,104.0,95.0,95.0,96.0,105.0,103.0,78.0,80.0,107.0,92.0,112.0,105.0,103.0,101.0,112.0,98.0
9,90.0,79.0,82.0,114.0,76.0,105.0,104.0,108.0,108.0,106.0,96.0,66.0,114.0,106.0,101.0,108.0,106.0,93.0,98.0,114.0
10,75.0,93.0,103.0,118.0,75.0,101.0,94.0,110.0,110.0,108.0,100.0,89.0,116.0,82.0,112.0,110.0,108.0,108.0,112.0,72.0
11,102.0,93.0,106.0,83.0,97.0,79.0,91.0,96.0,112.0,73.0,102.0,97.0,108.0,101.0,115.0,114.0,112.0,81.0,116.0,108.0
12,106.0,98.0,91.0,113.0,98.0,62.0,101.0,101.0,103.0,75.0,104.0,100.0,120.0,107.0,91.0,116.0,105.0,100.0,103.0,95.0
13,98.0,75.0,81.0,116.0,102.0,68.0,106.0,111.0,109.0,81.0,95.0,91.0,122.0,110.0,104.0,120.0,115.0,105.0,91.0,94.0
14,95.0,83.0,95.0,108.0,93.0,80.0,74.0,114.0,116.0,95.0,107.0,82.0,95.0,92.0,111.0,122.0,118.0,92.0,112.0,107.0
15,107.0,61.0,95.0,107.0,103.0,90.0,81.0,96.0,96.0,94.0,88.0,96.0,121.0,88.0,108.0,126.0,120.0,105.0,112.0,95.0
16,110.0,80.0,102.0,102.0,106.0,80.0,99.0,114.0,116.0,100.0,84.0,100.0,116.0,72.0,83.0,128.0,108.0,99.0,111.0,87.0
17,101.0,87.0,99.0,117.0,95.0,90.0,87.0,116.0,108.0,78.0,87.0,94.0,124.0,81.0,100.0,99.0,113.0,108.0,119.0,94.0
18,113.0,90.0,107.0,92.0,107.0,62.0,99.0,120.0,118.0,89.0,90.0,92.0,108.0,85.0,100.0,119.0,120.0,91.0,99.0,104.0
19,116.0,91.0,69.0,116.0,110.0,67.0,80.0,122.0,111.0,87.0,101.0,103.0,97.0,96.0,104.0,128.0,125.0,88.0,108.0,95.0
20,113.0,95.0,72.0,117.0,112.0,58.0,76.0,126.0,121.0,92.0,102.0,106.0,101.0,98.0,104.0,130.0,98.0,105.0,110.0,87.0
21,119.0,80.0,66.0,121.0,107.0,79.0,94.0,128.0,96.0,98.0,93.0,108.0,118.0,85.0,102.0,116.0,106.0,94.0,119.0,103.0
22,122.0,94.0,76.0,113.0,115.0,80.0,88.0,132.0,107.0,96.0,105.0,83.0,122.0,94.0,113.0,131.0,122.0,98.0,103.0,95.0
23,99.0,96.0,89.0,113.0,97.0,78.0,96.0,99.0,95.0,102.0,108.0,80.0,124.0,93.0,71.0,135.0,124.0,108.0,95.0,106.0
24,121.0,81.0,86.0,106.0,106.0,84.0,74.0,129.0,101.0,67.0,97.0,94.0,128.0,90.0,59.0,125.0,128.0,110.0,108.0,73.0
25,124.0,93.0,71.0,95.0,90.0,61.0,77.0,100.0,98.0,89.0,100.0,101.0,130.0,76.0,76.0,135.0,130.0,112.0,103.0,78.0
26,120.0,98.0,77.0,116.0,97.0,65.0,66.0,126.0,105.0,98.0,109.0,86.0,93.0,85.0,85.0,123.0,128.0,116.0,92.0,66.0
27,128.0,78.0,78.0,100.0,92.0,78.0,78.0,98.0,95.0,78.0,112.0,91.0,115.0,95.0,90.0,139.0,118.0,107.0,105.0,91.0
28,116.0,96.0,86.0,104.0,108.0,65.0,68.0,116.0,92.0,96.0,81.0,82.0,123.0,98.0,95.0,134.0,134.0,107.0,114.0,73.0
29,103.0,74.0,88.0,110.0,110.0,79.0,83.0,124.0,109.0,98.0,73.0,99.0,129.0,100.0,63.0,120.0,138.0,85.0,116.0,91.0
30,127.0,94.0,80.0,117.0,100.0,80.0,86.0,102.0,83.0,64.0,102.0,86.0,117.0,96.0,91.0,140.0,142.0,106.0,118.0,90.0
31,130.0,80.0,90.0,120.0,109.0,51.0,52.0,124.0,104.0,94.0,91.0,100.0,119.0,62.0,89.0,123.0,144.0,113.0,122.0,94.0
32,94.0,94.0,92.0,89.0,102.0,75.0,80.0,102.0,109.0,96.0,103.0,102.0,130.0,94.0,93.0,134.0,109.0,116.0,124.0,96.0
33,126.0,66.0,94.0,117.0,113.0,73.0,62.0,120.0,91.0,86.0,104.0,104.0,101.0,87.0,96.0,143.0,141.0,107.0,128.0,76.0
34,99.0,77.0,96.0,120.0,116.0,79.0,78.0,126.0,76.0,98.0,108.0,91.0,113.0,97.0,98.0,116.0,122.0,119.0,130.0,80.0
35,123.0,81.0,98.0,122.0,120.0,80.0,50.0,128.0,89.0,100.0,110.0,105.0,128.0,100.0,62.0,80.0,110.0,122.0,134.0,94.0
36,72.0,90.0,102.0,91.0,113.0,82.0,74.0,132.0,102.0,102.0,106.0,108.0,124.0,86.0,83.0,86.0,136.0,92.0,138.0,96.0
37,91.0,81.0,86.0,102.0,102.0,84.0,54.0,136.0,104.0,104.0,114.0,94.0,132.0,92.0,93.0,71.0,129.0,118.0,140.0,98.0
38,61.0,81.0,102.0,117.0,121.0,69.0,60.0,137.0,103.0,108.0,116.0,108.0,118.0,97.0,94.0,84.0,141.0,113.0,128.0,99.0
39,89.0,86.0,104.0,116.0,124.0,83.0,64.0,141.0,56.0,79.0,120.0,112.0,121.0,101.0,96.0,105.0,107.0,123.0,144.0,103.0
40,96.0,90.0,106.0,122.0,126.0,86.0,70.0,99.0,83.0,70.0,118.0,114.0,130.0,81.0,100.0,108.0,83.0,126.0,138.0,106.0
41,80.0,80.0,110.0,108.0,130.0,88.0,72.0,93.0,96.0,89.0,124.0,118.0,126.0,72.0,102.0,110.0,118.0,128.0,138.0,108.0
42,86.0,92.0,112.0,124.0,126.0,90.0,66.0,125.0,91.0,98.0,128.0,98.0,137.0,95.0,104.0,114.0,78.0,107.0,150.0,110.0
43,97.0,81.0,114.0,126.0,111.0,92.0,74.0,88.0,99.0,100.0,115.0,118.0,112.0,98.0,85.0,78.0,91.0,129.0,112.0,114.0
44,61.0,76.0,97.0,109.0,121.0,94.0,76.0,121.0,99.0,83.0,129.0,71.0,136.0,97.0,98.0,108.0,93.0,104.0,128.0,116.0
45,55.0,91.0,91.0,127.0,123.0,64.0,67.0,61.0,103.0,78.0,132.0,107.0,140.0,83.0,105.0,112.0,110.0,81.0,138.0,120.0
46,58.0,94.0,112.0,120.0,133.0,90.0,77.0,62.0,106.0,97.0,136.0,106.0,135.0,94.0,90.0,51.0,107.0,93.0,146.0,96.0
47,48.0,96.0,114.0,130.0,108.0,92.0,78.0,99.0,106.0,33.0,137.0,92.0,131.0,100.0,106.0,99.0,74.0,114.0,128.0,118.0
48,72.0,98.0,116.0,134.0,132.0,94.0,61.0,70.0,110.0,83.0,143.0,108.0,144.0,98.0,100.0,56.0,61.0,81.0,143.0,122.0
49,41.0,63.0,120.0,120.0,136.0,96.0,77.0,81.0,114.0,86.0,146.0,96.0,99.0,88.0,108.0,72.0,96.0,107.0,151.0,124.0
50,67.0,93.0,122.0,136.0,138.0,98.0,78.0,75.0,112.0,88.0,150.0,87.0,112.0,102.0,112.0,77.0,87.0,112.0,127.0,96.0
51,68.0,96.0,106.0,140.0,142.0,102.0,80.0,74.0,118.0,28.0,154.0,107.0,135.0,104.0,106.0,87.0,63.0,85.0,122.0,122.0
52,45.0,98.0,124.0,144.0,146.0,104.0,82.0,88.0,104.0,36.0,158.0,110.0,86.0,100.0,114.0,70.0,73.0,109.0,147.0,124.0
53,65.0,100.0,126.0,115.0,148.0,106.0,84.0,90.0,120.0,66.0,161.0,89.0,128.0,108.0,118.0,86.0,68.0,41.0,125.0,110.0
54,66.0,102.0,130.0,141.0,128.0,110.0,74.0,65.0,122.0,45.0,165.0,70.0,130.0,84.0,120.0,56.0,85.0,95.0,147.0,126.0
55,68.0,89.0,132.0,146.0,92.0,112.0,86.0,70.0,126.0,56.0,129.0,86.0,98.0,106.0,124.0,82.0,61.0,98.0,149.0,130.0
56,70.0,90.0,136.0,148.0,138.0,114.0,29.0,85.0,128.0,15.0,116.0,99.0,128.0,58.0,126.0,84.0,81.0,100.0,155.0,132.0
57,53.0,103.0,140.0,116.0,142.0,118.0,73.0,88.0,132.0,52.0,153.0,102.0,130.0,68.0,130.0,86.0,52.0,88.0,132.0,107.0
58,69.0,81.0,144.0,146.0,75.0,120.0,76.0,90.0,136.0,52.0,158.0,101.0,113.0,92.0,132.0,83.0,78.0,102.0,107.0,131.0
59,70.0,101.0,146.0,150.0,129.0,124.0,50.0,92.0,138.0,40.0,162.0,77.0,131.0,94.0,136.0,89.0,37.0,104.0,145.0,96.0
60,72.0,104.0,145.0,154.0,132.0,126.0,72.0,94.0,75.0,52.0,166.0,100.0,84.0,96.0,140.0,54.0,41.0,98.0,150.0,99.0
61,74.0,106.0,153.0,121.0,136.0,130.0,74.0,96.0,127.0,38.0,170.0,104.0,124.0,53.0,144.0,84.0,64.0,63.0,154.0,123.0
62,74.0,108.0,156.0,151.0,77.0,132.0,76.0,98.0,130.0,50.0,174.0,106.0,98.0,89.0,146.0,86.0,66.0,97.0,125.0,126.0
63,77.0,112.0,160.0,156.0,125.0,136.0,71.0,102.0,89.0,50.0,117.0,108.0,72.0,90.0,150.0,75.0,68.0,100.0,111.0,103.0
64,79.0,114.0,100.0,160.0,75.0,140.0,74.0,104.0,125.0,52.0,125.0,112.0,112.0,46.0,154.0,87.0,70.0,60.0,144.0,125.0
65,80.0,116.0,123.0,142.0,90.0,131.0,79.0,106.0,77.0,54.0,158.0,114.0,114.0,82.0,120.0,82.0,65.0,62.0,117.0,111.0
66,82.0,120.0,145.0,113.0,103.0,143.0,24.0,108.0,117.0,54.0,123.0,116.0,84.0,83.0,152.0,71.0,71.0,65.0,143.0,127.0
67,84.0,122.0,150.0,108.0,112.0,104.0,39.0,112.0,76.0,56.0,155.0,103.0,110.0,87.0,156.0,87.0,72.0,45.0,101.0,130.0
68,86.0,114.0,154.0,143.0,116.0,138.0,41.0,114.0,104.0,58.0,150.0,119.0,100.0,70.0,114.0,88.0,35.0,74.0,78.0,134.0
69,88.0,126.0,144.0,112.0,86.0,99.0,52.0,118.0,112.0,60.0,160.0,122.0,112.0,86.0,150.0,90.0,65.0,76.0,90.0,136.0
70,90.0,128.0,158.0,107.0,83.0,133.0,58.0,111.0,114.0,28.0,164.0,88.0,111.0,88.0,149.0,92.0,66.0,65.0,119.0,66.0
71,91.0,132.0,131.0,135.0,71.0,88.0,45.0,121.0,118.0,54.0,91.0,118.0,117.0,88.0,157.0,94.0,68.0,77.0,122.0,124.0
72,95.0,136.0,145.0,90.0,94.0,119.0,53.0,124.0,89.0,54.0,138.0,120.0,74.0,57.0,160.0,92.0,70.0,78.0,124.0,126.0
73,98.0,138.0,138.0,128.0,100.0,100.0,56.0,126.0,115.0,56.0,151.0,124.0,110.0,56.0,93.0,98.0,72.0,63.0,128.0,130.0
74,100.0,132.0,156.0,132.0,104.0,112.0,58.0,130.0,71.0,38.0,156.0,126.0,112.0,79.0,104.0,76.0,74.0,77.0,129.0,132.0
75,102.0,142.0,151.0,136.0,106.0,123.0,60.0,134.0,79.0,54.0,94.0,104.0,116.0,80.0,141.0,96.0,76.0,80.0,133.0,87.0
76,104.0,146.0,158.0,81.0,71.0,126.0,62.0,136.0,102.0,54.0,98.0,126.0,118.0,82.0,121.0,98.0,78.0,82.0,121.0,125.0
77,108.0,106.0,165.0,86.0,90.0,130.0,62.0,134.0,104.0,56.0,100.0,130.0,122.0,84.0,141.0,86.0,70.0,84.0,135.0,78.0
78,110.0,142.0,148.0,98.0,101.0,132.0,64.0,142.0,108.0,58.0,107.0,132.0,124.0,86.0,83.0,100.0,78.0,86.0,140.0,90.0
79,107.0,146.0,168.0,101.0,104.0,136.0,66.0,127.0,110.0,60.0,92.0,136.0,124.0,25.0,120.0,78.0,80.0,65.0,141.0,114.0
80,115.0,137.0,127.0,78.0,106.0,76.0,68.0,143.0,93.0,60.0,121.0,140.0,130.0,20.0,131.0,98.0,82.0,83.0,145.0,84.0
81,118.0,149.0,108.0,70.0,74.0,95.0,70.0,148.0,111.0,62.0,120.0,111.0,134.0,61.0,134.0,100.0,84.0,86.0,150.0,110.0
82,120.0,154.0,153.0,63.0,100.0,115.0,72.0,152.0,114.0,62.0,123.0,133.0,136.0,62.0,99.0,102.0,86.0,88.0,154.0,112.0
83,124.0,108.0,102.0,93.0,104.0,122.0,74.0,156.0,116.0,64.0,127.0,140.0,135.0,64.0,112.0,100.0,88.0,90.0,113.0,66.0
84,61.0,95.0,146.0,94.0,84.0,77.0,76.0,160.0,112.0,66.0,130.0,144.0,143.0,47.0,126.0,106.0,90.0,92.0,149.0,104.0
85,46.0,128.0,108.0,96.0,102.0,115.0,78.0,160.0,120.0,68.0,97.0,93.0,146.0,45.0,126.0,108.0,92.0,94.0,152.0,68.0
86,97.0,137.0,142.0,82.0,84.0,118.0,80.0,166.0,93.0,70.0,81.0,123.0,150.0,58.0,100.0,91.0,94.0,85.0,156.0,74.0
87,98.0,91.0,98.0,43.0,95.0,104.0,82.0,155.0,105.0,49.0,118.0,136.0,154.0,40.0,116.0,103.0,96.0,95.0,160.0,94.0
88,102.0,127.0,136.0,34.0,103.0,120.0,84.0,118.0,118.0,67.0,76.0,114.0,158.0,56.0,127.0,109.0,100.0,81.0,163.0,72.0
89,104.0,134.0,131.0,42.0,106.0,122.0,86.0,79.0,120.0,68.0,112.0,135.0,162.0,17.0,130.0,113.0,102.0,95.0,121.0,82.0
90,83.0,119.0,141.0,67.0,66.0,117.0,88.0,142.0,124.0,70.0,89.0,139.0,166.0,47.0,107.0,116.0,104.0,98.0,127.0,92.0
91,103.0,135.0,100.0,51.0,55.0,127.0,86.0,109.0,126.0,72.0,85.0,133.0,170.0,30.0,104.0,118.0,106.0,100.0,155.0,89.0
92,64.0,88.0,136.0,65.0,89.0,60.0,92.0,139.0,103.0,43.0,106.0,143.0,154.0,34.0,125.0,122.0,110.0,102.0,137.0,84.0
93,96.0,128.0,98.0,66.0,92.0,45.0,94.0,142.0,125.0,67.0,108.0,138.0,172.0,42.0,128.0,124.0,112.0,106.0,157.0,95.0
94,98.0,130.0,100.0,25.0,94.0,74.0,96.0,146.0,128.0,28.0,112.0,148.0,178.0,16.0,132.0,127.0,114.0,108.0,160.0,96.0
95,54.0,134.0,126.0,57.0,96.0,61.0,98.0,102.0,132.0,22.0,114.0,152.0,182.0,38.0,79.0,131.0,118.0,110.0,164.0,100.0
96,90.0,130.0,104.0,60.0,98.0,86.0,100.0,122.0,134.0,50.0,118.0,156.0,186.0,21.0,52.0,134.0,120.0,100.0,142.0,102.0
97,92.0,138.0,126.0,60.0,90.0,56.0,104.0,98.0,117.0,52.0,120.0,100.0,163.0,35.0,107.0,138.0,124.0,112.0,166.0,104.0
98,38.0,142.0,128.0,62.0,86.0,75.0,106.0,132.0,135.0,19.0,124.0,105.0,189.0,36.0,110.0,140.0,126.0,116.0,168.0,106.0
99,58.0,97.0,132.0,64.0,100.0,83.0,108.0,78.0,135.0,45.0,51.0,82.0,192.0,36.0,112.0,144.0,130.0,118.0,174.0,110.0
100,78.0,135.0,93.0,66.0,101.0,83.0,112.0,110.0,54.0,46.0,109.0,127.0,145.0,38.0,82.0,148.0,134.0,122.0,178.0,112.0
101,80.0,140.0,65.0,68.0,105.0,87.0,89.0,79.0,95.0,48.0,112.0,92.0,189.0,38.0,108.0,152.0,136.0,124.0,161.0,114.0
102,82.0,142.0,114.0,70.0,106.0,88.0,111.0,80.0,116.0,48.0,114.0,75.0,192.0,40.0,112.0,156.0,140.0,99.0,181.0,118.0
103,84.0,146.0,116.0,57.0,110.0,90.0,114.0,107.0,120.0,50.0,67.0,113.0,198.0,40.0,114.0,160.0,144.0,123.0,114.0,120.0
104,18.0,127.0,120.0,69.0,107.0,92.0,116.0,110.0,112.0,52.0,95.0,116.0,202.0,42.0,93.0,164.0,123.0,126.0,169.0,124.0
105,50.0,147.0,57.0,70.0,113.0,64.0,73.0,112.0,122.0,23.0,106.0,118.0,208.0,42.0,70.0,144.0,145.0,130.0,175.0,126.0
106,66.0,150.0,74.0,67.0,116.0,67.0,109.0,116.0,62.0,32.0,108.0,122.0,212.0,12.0,105.0,107.0,148.0,132.0,178.0,130.0
107,50.0,111.0,101.0,73.0,120.0,85.0,112.0,118.0,105.0,43.0,88.0,69.0,218.0,36.0,61.0,153.0,152.0,136.0,155.0,121.0
108,64.0,91.0,104.0,74.0,122.0,88.0,106.0,122.0,113.0,44.0,108.0,75.0,201.0,36.0,65.0,158.0,156.0,121.0,158.0,133.0
109,46.0,134.0,106.0,76.0,126.0,73.0,110.0,57.0,116.0,46.0,106.0,104.0,223.0,38.0,43.0,162.0,160.0,137.0,170.0,114.0
110,62.0,126.0,25.0,78.0,128.0,87.0,116.0,109.0,118.0,46.0,112.0,108.0,228.0,38.0,65.0,92.0,164.0,140.0,169.0,134.0
111,31.0,138.0,29.0,80.0,132.0,51.0,90.0,112.0,122.0,48.0,114.0,107.0,209.0,15.0,78.0,123.0,146.0,136.0,182.0,89.0
112,57.0,142.0,39.0,82.0,136.0,65.0,87.0,53.0,124.0,48.0,104.0,113.0,226.0,33.0,80.0,145.0,166.0,146.0,80.0,127.0
113,58.0,146.0,67.0,84.0,87.0,78.0,109.0,101.0,128.0,50.0,116.0,116.0,237.0,34.0,41.0,150.0,170.0,150.0,162.0,130.0
114,60.0,150.0,68.0,86.0,127.0,80.0,112.0,104.0,27.0,32.0,120.0,118.0,242.0,23.0,73.0,128.0,149.0,154.0,166.0,134.0
115,60.0,133.0,70.0,88.0,113.0,82.0,92.0,106.0,47.0,48.0,122.0,119.0,243.0,33.0,74.0,120.0,171.0,111.0,116.0,136.0
116,62.0,151.0,72.0,90.0,129.0,75.0,84.0,108.0,92.0,48.0,82.0,123.0,216.0,34.0,65.0,120.0,170.0,137.0,160.0,118.0
117,64.0,117.0,74.0,78.0,132.0,83.0,99.0,112.0,92.0,33.0,116.0,126.0,229.0,34.0,75.0,142.0,139.0,150.0,164.0,138.0
118,66.0,149.0,76.0,90.0,136.0,86.0,107.0,70.0,90.0,47.0,86.0,115.0,226.0,36.0,53.0,146.0,173.0,152.0,168.0,142.0
119,68.0,152.0,78.0,92.0,78.0,88.0,97.0,104.0,77.0,48.0,114.0,98.0,250.0,31.0,31.0,150.0,162.0,156.0,116.0,138.0
120,70.0,56.0,80.0,94.0,96.0,90.0,52.0,108.0,92.0,48.0,116.0,112.0,256.0,35.0,62.0,154.0,178.0,160.0,160.0,146.0
121,72.0,132.0,55.0,98.0,120.0,92.0,97.0,68.0,95.0,50.0,106.0,123.0,234.0,36.0,64.0,101.0,182.0,164.0,131.0,133.0
122,74.0,136.0,77.0,100.0,124.0,94.0,98.0,102.0,49.0,52.0,118.0,98.0,245.0,38.0,66.0,99.0,145.0,160.0,159.0,149.0
123,76.0,140.0,78.0,102.0,122.0,96.0,102.0,104.0,10.0,52.0,104.0,122.0,263.0,38.0,68.0,136.0,179.0,170.0,164.0,152.0
124,78.0,57.0,80.0,104.0,128.0,98.0,104.0,106.0,77.0,49.0,120.0,124.0,270.0,40.0,70.0,140.0,184.0,171.0,123.0,156.0
125,80.0,58.0,82.0,108.0,132.0,102.0,106.0,110.0,72.0,53.0,102.0,128.0,251.0,40.0,71.0,144.0,118.0,177.0,159.0,160.0
126,82.0,78.0,84.0,110.0,131.0,104.0,89.0,112.0,74.0,54.0,120.0,132.0,267.0,28.0,73.0,148.0,103.0,163.0,118.0,164.0
127,84.0,103.0,86.0,112.0,137.0,91.0,107.0,114.0,15.0,56.0,124.0,36.0,280.0,38.0,74.0,152.0,159.0,137.0,154.0,168.0
128,86.0,91.0,88.0,116.0,127.0,91.0,110.0,118.0,50.0,42.0,126.0,93.0,288.0,40.0,76.0,156.0,155.0,116.0,158.0,172.0
129,88.0,103.0,90.0,118.0,141.0,104.0,91.0,120.0,35.0,54.0,121.0,109.0,174.0,40.0,58.0,160.0,153.0,162.0,162.0,176.0
130,90.0,106.0,92.0,122.0,144.0,106.0,25.0,124.0,54.0,56.0,131.0,111.0,213.0,42.0,52.0,164.0,166.0,90.0,166.0,180.0
131,92.0,108.0,94.0,98.0,148.0,108.0,71.0,126.0,56.0,58.0,134.0,115.0,185.0,42.0,70.0,107.0,124.0,132.0,139.0,186.0
132,94.0,112.0,96.0,120.0,52.0,112.0,57.0,130.0,38.0,42.0,138.0,107.0,237.0,44.0,72.0,124.0,162.0,144.0,120.0,185.0
133,96.0,114.0,93.0,124.0,128.0,60.0,80.0,124.0,53.0,56.0,140.0,117.0,249.0,44.0,74.0,146.0,166.0,150.0,157.0,139.0
134,100.0,118.0,99.0,126.0,130.0,102.0,77.0,134.0,55.0,58.0,144.0,95.0,200.0,46.0,76.0,131.0,163.0,154.0,74.0,184.0
135,57.0,120.0,102.0,114.0,134.0,93.0,83.0,138.0,28.0,58.0,148.0,100.0,203.0,46.0,78.0,150.0,101.0,111.0,99.0,188.0
136,91.0,90.0,95.0,128.0,138.0,73.0,64.0,140.0,26.0,60.0,152.0,115.0,210.0,48.0,27.0,148.0,156.0,149.0,111.0,192.0
137,94.0,118.0,105.0,132.0,125.0,98.0,82.0,144.0,44.0,62.0,156.0,118.0,239.0,20.0,67.0,156.0,157.0,41.0,81.0,198.0
138,93.0,85.0,108.0,134.0,133.0,100.0,84.0,143.0,46.0,56.0,160.0,120.0,244.0,42.0,68.0,51.0,163.0,58.0,121.0,202.0
139,97.0,113.0,110.0,138.0,142.0,102.0,18.0,151.0,46.0,62.0,164.0,97.0,250.0,44.0,70.0,121.0,168.0,111.0,124.0,147.0
140,100.0,116.0,112.0,142.0,127.0,53.0,28.0,154.0,48.0,64.0,168.0,119.0,210.0,44.0,72.0,134.0,172.0,114.0,126.0,192.0
141,102.0,120.0,116.0,146.0,143.0,85.0,60.0,158.0,48.0,66.0,172.0,86.0,250.0,46.0,74.0,138.0,135.0,60.0,130.0,199.0
142,104.0,106.0,118.0,150.0,37.0,94.0,62.0,162.0,50.0,68.0,176.0,115.0,256.0,46.0,76.0,115.0,162.0,104.0,132.0,204.0
143,86.0,120.0,122.0,154.0,63.0,73.0,62.0,166.0,52.0,70.0,180.0,118.0,229.0,48.0,78.0,137.0,171.0,106.0,136.0,210.0
144,104.0,124.0,124.0,158.0,108.0,93.0,64.0,170.0,52.0,72.0,164.0,121.0,261.0,50.0,80.0,140.0,176.0,90.0,140.0,145.0
145,106.0,126.0,128.0,162.0,110.0,94.0,60.0,174.0,54.0,74.0,184.0,124.0,266.0,50.0,18.0,113.0,156.0,91.0,144.0,201.0
146,110.0,130.0,130.0,166.0,46.0,96.0,59.0,178.0,56.0,76.0,188.0,128.0,274.0,52.0,66.0,139.0,110.0,105.0,146.0,206.0
147,84.0,134.0,134.0,170.0,98.0,100.0,28.0,182.0,56.0,78.0,194.0,130.0,280.0,54.0,68.0,121.0,164.0,39.0,150.0,147.0
148,108.0,129.0,138.0,174.0,32.0,62.0,57.0,188.0,58.0,56.0,198.0,134.0,288.0,54.0,70.0,141.0,168.0,64.0,154.0,192.0
149,110.0,137.0,140.0,165.0,80.0,58.0,40.0,192.0,60.0,74.0,168.0,115.0,240.0,56.0,72.0,144.0,139.0,87.0,158.0,201.0
150,112.0,115.0,144.0,134.0,84.0,86.0,54.0,196.0,62.0,76.0,198.0,135.0,273.0,58.0,74.0,80.0,144.0,81.0,59.0,206.0
151,34.0,137.0,148.0,171.0,76.0,88.0,56.0,202.0,62.0,78.0,204.0,138.0,291.0,58.0,27.0,59.0,117.0,76.0,137.0,212.0
152,64.0,140.0,152.0,176.0,63.0,28.0,50.0,197.0,64.0,80.0,208.0,142.0,167.0,60.0,19.0,107.0,156.0,87.0,123.0,218.0
153,90.0,110.0,156.0,180.0,81.0,65.0,56.0,209.0,66.0,82.0,214.0,106.0,269.0,62.0,34.0,116.0,160.0,90.0,139.0,222.0
154,92.0,138.0,160.0,146.0,84.0,46.0,58.0,210.0,68.0,84.0,220.0,116.0,276.0,64.0,33.0,80.0,131.0,92.0,142.0,228.0
155,29.0,142.0,131.0,172.0,69.0,51.0,60.0,218.0,70.0,86.0,224.0,136.0,200.0,66.0,47.0,63.0,141.0,94.0,104.0,234.0
156,46.0,58.0,159.0,182.0,83.0,41.0,57.0,224.0,17.0,88.0,230.0,138.0,219.0,66.0,34.0,101.0,158.0,96.0,138.0,240.0
157,71.0,124.0,162.0,175.0,86.0,61.0,37.0,230.0,42.0,90.0,236.0,142.0,196.0,49.0,44.0,61.0,162.0,98.0,132.0,246.0
158,43.0,128.0,166.0,137.0,88.0,23.0,56.0,218.0,55.0,92.0,242.0,146.0,249.0,65.0,46.0,52.0,166.0,102.0,142.0,216.0
159,67.0,132.0,170.0,128.0,90.0,53.0,58.0,236.0,56.0,94.0,248.0,150.0,218.0,66.0,31.0,85.0,156.0,104.0,58.0,248.0
160,68.0,72.0,174.0,149.0,92.0,54.0,42.0,242.0,58.0,96.0,254.0,154.0,252.0,68.0,43.0,88.0,170.0,106.0,105.0,185.0
161,70.0,120.0,163.0,167.0,94.0,29.0,56.0,248.0,60.0,100.0,226.0,52.0,258.0,70.0,44.0,90.0,141.0,108.0,123.0,241.0
162,72.0,124.0,179.0,172.0,96.0,5.0,58.0,254.0,60.0,102.0,258.0,34.0,264.0,72.0,46.0,92.0,169.0,112.0,126.0,176.0
163,74.0,73.0,184.0,176.0,98.0,37.0,58.0,260.0,62.0,104.0,264.0,50.0,270.0,74.0,46.0,94.0,174.0,114.0,130.0,234.0
164,56.0,115.0,188.0,170.0,102.0,39.0,60.0,266.0,64.0,106.0,270.0,96.0,270.0,76.0,48.0,96.0,178.0,118.0,132.0,182.0
165,72.0,115.0,192.0,178.0,104.0,40.0,62.0,274.0,66.0,110.0,258.0,98.0,282.0,78.0,50.0,98.0,126.0,120.0,136.0,199.0
166,24.0,116.0,198.0,147.0,106.0,42.0,64.0,280.0,68.0,112.0,269.0,100.0,290.0,60.0,50.0,102.0,172.0,124.0,140.0,227.0
167,29.0,121.0,202.0,141.0,110.0,18.0,66.0,241.0,54.0,114.0,283.0,102.0,296.0,76.0,52.0,95.0,166.0,126.0,142.0,206.0
168,29.0,113.0,208.0,132.0,112.0,36.0,66.0,209.0,66.0,118.0,290.0,106.0,304.0,52.0,54.0,105.0,178.0,130.0,146.0,203.0
169,39.0,125.0,132.0,165.0,112.0,38.0,68.0,268.0,68.0,120.0,293.0,100.0,280.0,30.0,54.0,106.0,181.0,85.0,150.0,229.0
170,47.0,128.0,118.0,171.0,116.0,20.0,70.0,273.0,70.0,124.0,303.0,108.0,284.0,12.0,23.0,104.0,75.0,123.0,113.0,234.0
171,48.0,106.0,178.0,116.0,120.0,34.0,72.0,223.0,72.0,126.0,312.0,112.0,191.0,24.0,49.0,110.0,160.0,126.0,147.0,240.0
172,50.0,128.0,184.0,115.0,122.0,36.0,74.0,272.0,74.0,127.0,320.0,35.0,285.0,44.0,50.0,114.0,48.0,130.0,81.0,186.0
173,50.0,81.0,188.0,153.0,126.0,36.0,76.0,280.0,76.0,133.0,307.0,95.0,292.0,46.0,50.0,116.0,124.0,132.0,135.0,198.0
174,52.0,121.0,192.0,117.0,109.0,38.0,78.0,235.0,78.0,136.0,329.0,64.0,300.0,46.0,52.0,120.0,105.0,136.0,138.0,190.0
175,54.0,90.0,127.0,118.0,127.0,10.0,80.0,279.0,80.0,134.0,338.0,72.0,308.0,46.0,54.0,64.0,131.0,140.0,47.0,226.0
176,54.0,118.0,159.0,145.0,130.0,32.0,41.0,253.0,82.0,111.0,313.0,88.0,286.0,48.0,54.0,110.0,134.0,142.0,82.0,145.0
177,56.0,120.0,180.0,97.0,134.0,32.0,73.0,193.0,84.0,137.0,345.0,41.0,316.0,50.0,56.0,112.0,103.0,146.0,111.0,213.0
178,57.0,124.0,147.0,124.0,118.0,34.0,74.0,266.0,86.0,140.0,354.0,79.0,300.0,41.0,20.0,114.0,103.0,150.0,67.0,218.0
179,59.0,126.0,128.0,119.0,134.0,34.0,76.0,272.0,88.0,144.0,364.0,45.0,324.0,49.0,48.0,118.0,128.0,154.0,59.0,189.0
180,60.0,97.0,169.0,136.0,92.0,34.0,78.0,280.0,90.0,93.0,372.0,73.0,332.0,50.0,50.0,120.0,83.0,158.0,49.0,219.0
181,62.0,123.0,124.0,140.0,128.0,36.0,37.0,286.0,92.0,103.0,346.0,48.0,326.0,28.0,38.0,124.0,120.0,162.0,85.0,198.0
182,64.0,126.0,147.0,144.0,132.0,0.0,30.0,258.0,94.0,130.0,287.0,70.0,346.0,46.0,44.0,126.0,123.0,166.0,76.0,224.0
183,66.0,130.0,163.0,146.0,136.0,36.0,61.0,205.0,96.0,79.0,365.0,70.0,349.0,48.0,48.0,130.0,126.0,170.0,86.0,212.0
184,66.0,134.0,102.0,150.0,124.0,30.0,55.0,239.0,100.0,121.0,374.0,72.0,361.0,28.0,50.0,134.0,116.0,174.0,88.0,230.0
185,68.0,136.0,138.0,137.0,138.0,17.0,61.0,272.0,102.0,109.0,384.0,74.0,328.0,44.0,50.0,136.0,130.0,178.0,90.0,236.0
186,70.0,140.0,154.0,125.0,142.0,29.0,64.0,278.0,104.0,66.0,389.0,69.0,368.0,0.0,52.0,140.0,78.0,182.0,92.0,242.0
187,52.0,144.0,158.0,95.0,146.0,28.0,66.0,183.0,106.0,111.0,401.0,45.0,285.0,13.0,54.0,144.0,120.0,188.0,94.0,248.0
188,68.0,105.0,95.0,139.0,146.0,24.0,66.0,234.0,110.0,114.0,412.0,58.0,361.0,33.0,54.0,148.0,77.0,192.0,96.0,251.0
189,70.0,121.0,147.0,142.0,152.0,28.0,68.0,182.0,112.0,58.0,321.0,68.0,356.0,30.0,52.0,152.0,97.0,196.0,100.0,259.0
190,43.0,138.0,143.0,83.0,109.0,30.0,70.0,125.0,114.0,86.0,405.0,70.0,376.0,32.0,56.0,156.0,112.0,202.0,73.0,266.0
191,65.0,142.0,153.0,131.0,147.0,30.0,41.0,163.0,118.0,102.0,238.0,72.0,386.0,32.0,58.0,160.0,94.0,206.0,97.0,272.0
192,68.0,144.0,135.0,134.0,150.0,30.0,65.0,161.0,120.0,104.0,200.0,74.0,394.0,34.0,60.0,164.0,112.0,212.0,50.0,190.0
193,68.0,148.0,105.0,138.0,154.0,32.0,66.0,202.0,124.0,65.0,253.0,76.0,404.0,34.0,60.0,168.0,114.0,218.0,88.0,262.0
194,51.0,152.0,144.0,142.0,158.0,32.0,68.0,206.0,126.0,31.0,220.0,36.0,414.0,34.0,62.0,172.0,114.0,222.0,90.0,248.0
195,42.0,146.0,111.0,145.0,162.0,34.0,41.0,166.0,55.0,54.0,303.0,68.0,424.0,0.0,64.0,176.0,120.0,178.0,92.0,270.0
196,61.0,156.0,118.0,149.0,155.0,34.0,42.0,124.0,109.0,76.0,263.0,57.0,344.0,22.0,66.0,180.0,122.0,220.0,94.0,240.0
197,64.0,160.0,137.0,121.0,149.0,34.0,59.0,188.0,114.0,24.0,170.0,67.0,420.0,26.0,68.0,184.0,126.0,226.0,96.0,274.0
198,20.0,164.0,142.0,38.0,166.0,36.0,60.0,189.0,92.0,54.0,251.0,70.0,432.0,26.0,59.0,190.0,128.0,232.0,98.0,280.0
199,54.0,168.0,133.0,107.0,170.0,36.0,22.0,197.0,114.0,64.0,276.0,72.0,286.0,20.0,69.0,194.0,132.0,238.0,102.0,241.0
200,28.0,172.0,145.0,120.0,167.0,38.0,15.0,202.0,92.0,58.0,207.0,74.0,410.0,26.0,70.0,159.0,136.0,244.0,104.0,281.0
201,24.0,176.0,148.0,72.0,177.0,38.0,43.0,206.0,112.0,50.0,261.0,66.0,420.0,0.0,72.0,193.0,138.0,136.0,102.0,273.0
202,44.0,164.0,152.0,40.0,182.0,40.0,44.0,212.0,21.0,62.0,211.0,74.0,430.0,26.0,74.0,198.0,142.0,224.0,108.0,291.0
203,5.0,131.0,156.0,96.0,186.0,40.0,46.0,216.0,44.0,64.0,239.0,76.0,442.0,22.0,76.0,202.0,138.0,230.0,110.0,266.0
204,39.0,171.0,160.0,90.0,190.0,42.0,16.0,219.0,81.0,66.0,249.0,78.0,268.0,22.0,78.0,208.0,148.0,236.0,114.0,298.0
205,36.0,176.0,164.0,98.0,196.0,42.0,34.0,227.0,84.0,68.0,265.0,80.0,321.0,24.0,80.0,201.0,152.0,242.0,116.0,304.0
206,38.0,180.0,168.0,100.0,200.0,44.0,38.0,137.0,86.0,70.0,272.0,82.0,399.0,24.0,82.0,215.0,136.0,204.0,120.0,174.0
207,0.0,184.0,150.0,46.0,206.0,44.0,40.0,185.0,88.0,72.0,278.0,84.0,352.0,0.0,84.0,220.0,154.0,242.0,122.0,253.0
208,2.0,190.0,170.0,76.0,210.0,46.0,26.0,210.0,89.0,74.0,286.0,86.0,242.0,3.0,86.0,226.0,158.0,248.0,126.0,264.0
209,36.0,194.0,170.0,88.0,166.0,46.0,5.0,207.0,77.0,21.0,292.0,75.0,317.0,1.0,72.0,232.0,134.0,254.0,128.0,283.0
210,26.0,182.0,178.0,74.0,134.0,48.0,33.0,131.0,90.0,45.0,238.0,87.0,363.0,20.0,86.0,238.0,158.0,231.0,132.0,290.0
211,28.0,200.0,182.0,88.0,192.0,50.0,32.0,163.0,42.0,60.0,206.0,90.0,372.0,14.0,88.0,153.0,162.0,259.0,102.0,298.0
212,5.0,139.0,157.0,74.0,198.0,50.0,32.0,195.0,48.0,48.0,265.0,92.0,335.0,14.0,76.0,225.0,119.0,202.0,130.0,263.0
213,2.0,185.0,183.0,86.0,202.0,52.0,34.0,133.0,67.0,58.0,279.0,94.0,290.0,14.0,88.0,230.0,157.0,239.0,132.0,301.0
214,21.0,194.0,188.0,90.0,208.0,54.0,34.0,187.0,72.0,60.0,268.0,93.0,313.0,14.0,90.0,148.0,93.0,151.0,136.0,308.0
215,18.0,156.0,192.0,92.0,106.0,47.0,34.0,192.0,60.0,62.0,288.0,97.0,280.0,14.0,46.0,218.0,101.0,234.0,140.0,283.0
216,20.0,192.0,198.0,40.0,123.0,53.0,20.0,189.0,73.0,64.0,293.0,100.0,346.0,16.0,82.0,162.0,138.0,169.0,142.0,232.0
217,20.0,198.0,173.0,82.0,175.0,54.0,30.0,199.0,55.0,0.0,282.0,102.0,354.0,16.0,84.0,212.0,142.0,185.0,146.0,199.0
218,20.0,85.0,199.0,79.0,125.0,56.0,32.0,204.0,63.0,64.0,305.0,104.0,364.0,16.0,86.0,214.0,144.0,213.0,150.0,263.0
219,20.0,175.0,204.0,85.0,123.0,58.0,0.0,184.0,70.0,54.0,196.0,108.0,330.0,16.0,83.0,222.0,133.0,219.0,154.0,261.0
220,22.0,180.0,192.0,86.0,152.0,60.0,34.0,208.0,72.0,56.0,177.0,110.0,323.0,16.0,89.0,210.0,147.0,167.0,158.0,284.0
221,22.0,73.0,210.0,88.0,132.0,60.0,28.0,212.0,74.0,58.0,183.0,112.0,367.0,16.0,46.0,228.0,111.0,217.0,162.0,290.0
222,22.0,159.0,216.0,90.0,158.0,62.0,0.0,218.0,0.0,25.0,248.0,83.0,376.0,18.0,82.0,195.0,143.0,222.0,166.0,298.0
223,22.0,133.0,220.0,92.0,162.0,23.0,28.0,224.0,0.0,51.0,254.0,109.0,386.0,18.0,70.0,229.0,121.0,228.0,80.0,306.0
224,24.0,159.0,226.0,94.0,161.0,55.0,24.0,159.0,20.0,0.0,211.0,112.0,384.0,18.0,82.0,234.0,143.0,234.0,150.0,258.0
225,24.0,162.0,168.0,98.0,169.0,56.0,24.0,209.0,56.0,52.0,253.0,114.0,296.0,18.0,84.0,240.0,148.0,240.0,154.0,306.0
226,24.0,166.0,197.0,100.0,174.0,58.0,24.0,220.0,44.0,44.0,193.0,118.0,382.0,18.0,86.0,151.0,152.0,231.0,158.0,273.0
227,26.0,170.0,219.0,102.0,119.0,58.0,26.0,224.0,3.0,37.0,247.0,86.0,380.0,6.0,88.0,212.0,156.0,247.0,136.0,296.0
228,26.0,89.0,224.0,104.0,165.0,35.0,26.0,230.0,41.0,37.0,254.0,114.0,398.0,16.0,15.0,229.0,160.0,254.0,158.0,214.0
229,26.0,131.0,230.0,106.0,170.0,55.0,26.0,218.0,37.0,44.0,238.0,116.0,393.0,16.0,16.0,234.0,110.0,260.0,137.0,231.0
230,28.0,152.0,228.0,110.0,100.0,0.0,28.0,236.0,37.0,35.0,260.0,120.0,387.0,16.0,59.0,211.0,119.0,266.0,159.0,213.0
231,28.0,116.0,234.0,112.0,147.0,3.0,28.0,241.0,38.0,43.0,187.0,122.0,418.0,16.0,60.0,162.0,147.0,274.0,164.0,271.0
232,28.0,124.0,244.0,116.0,159.0,49.0,28.0,249.0,10.0,44.0,181.0,126.0,426.0,18.0,38.0,184.0,150.0,188.0,168.0,167.0
233,30.0,146.0,186.0,118.0,162.0,38.0,30.0,188.0,32.0,46.0,166.0,128.0,438.0,18.0,56.0,154.0,154.0,262.0,156.0,255.0
234,30.0,140.0,172.0,122.0,129.0,21.0,30.0,221.0,34.0,29.0,224.0,132.0,448.0,18.0,58.0,101.0,158.0,218.0,172.0,253.0
235,30.0,150.0,226.0,106.0,42.0,5.0,30.0,243.0,16.0,43.0,207.0,136.0,448.0,18.0,60.0,75.0,162.0,222.0,176.0,252.0
236,32.0,154.0,109.0,122.0,131.0,30.0,32.0,248.0,17.0,44.0,229.0,138.0,321.0,0.0,60.0,157.0,166.0,258.0,149.0,253.0
237,32.0,158.0,119.0,126.0,136.0,0.0,32.0,254.0,9.0,15.0,236.0,142.0,398.0,0.0,26.0,149.0,170.0,264.0,174.0,270.0
238,34.0,162.0,145.0,128.0,138.0,28.0,34.0,262.0,22.0,37.0,242.0,146.0,439.0,18.0,46.0,126.0,174.0,193.0,165.0,278.0
239,34.0,149.0,179.0,97.0,62.0,6.0,34.0,213.0,0.0,38.0,248.0,147.0,450.0,12.0,54.0,155.0,178.0,255.0,180.0,197.0
240,34.0,165.0,67.0,125.0,121.0,20.0,34.0,240.0,24.0,35.0,254.0,153.0,457.0,14.0,54.0,116.0,182.0,262.0,184.0,191.0
241,23.0,170.0,74.0,128.0,125.0,20.0,36.0,261.0,20.0,39.0,202.0,156.0,471.0,14.0,33.0,90.0,188.0,268.0,90.0,254.0
242,33.0,131.0,137.0,132.0,128.0,20.0,36.0,268.0,20.0,40.0,250.0,91.0,484.0,14.0,51.0,58.0,183.0,261.0,166.0,260.0
243,34.0,167.0,140.0,134.0,38.0,20.0,38.0,274.0,20.0,42.0,162.0,145.0,496.0,14.0,52.0,120.0,195.0,279.0,137.0,227.0
244,34.0,170.0,144.0,138.0,110.0,22.0,38.0,280.0,22.0,42.0,238.0,114.0,416.0,2.0,0.0,122.0,194.0,256.0,165.0,194.0
245,36.0,174.0,148.0,134.0,93.0,22.0,40.0,288.0,22.0,44.0,244.0,142.0,496.0,3.0,31.0,35.0,202.0,284.0,170.0,249.0
246,36.0,178.0,134.0,142.0,90.0,0.0,40.0,294.0,22.0,44.0,241.0,112.0,508.0,9.0,39.0,3.0,208.0,279.0,174.0,256.0
247,38.0,184.0,150.0,146.0,107.0,22.0,42.0,302.0,22.0,46.0,253.0,140.0,344.0,10.0,15.0,43.0,214.0,295.0,152.0,242.0
248,38.0,188.0,75.0,150.0,91.0,18.0,42.0,310.0,24.0,46.0,260.0,144.0,416.0,9.0,22.0,71.0,218.0,194.0,176.0,264.0
249,40.0,135.0,132.0,154.0,107.0,4.0,44.0,318.0,14.0,46.0,266.0,144.0,449.0,1.0,31.0,72.0,167.0,280.0,180.0,203.0
250,40.0,181.0,139.0,158.0,73.0,16.0,44.0,234.0,22.0,48.0,253.0,150.0,459.0,0.0,0.0,74.0,213.0,254.0,184.0,206.0
251,42.0,186.0,129.0,162.0,72.0,16.0,46.0,224.0,22.0,50.0,275.0,140.0,457.0,8.0,32.0,76.0,218.0,272.0,102.0,251.0
252,42.0,174.0,143.0,106.0,97.0,16.0,46.0,242.0,22.0,50.0,221.0,154.0,491.0,6.0,26.0,78.0,224.0,186.0,75.0,256.0
253,44.0,190.0,146.0,154.0,78.0,16.0,48.0,286.0,24.0,52.0,228.0,61.0,433.0,6.0,28.0,80.0,230.0,268.0,125.0,264.0
254,44.0,196.0,57.0,158.0,96.0,16.0,50.0,294.0,24.0,54.0,267.0,86.0,459.0,0.0,28.0,82.0,236.0,225.0,146.0,181.0
255,46.0,200.0,104.0,162.0,98.0,18.0,1.0,300.0,24.0,54.0,274.0,125.0,498.0,6.0,28.0,84.0,75.0,230.0,125.0,198.0
256,46.0,206.0,125.0,136.0,43.0,18.0,49.0,236.0,26.0,18.0,280.0,128.0,512.0,6.0,25.0,86.0,201.0,173.0,86.0,243.0
257,48.0,210.0,128.0,162.0,69.0,18.0,42.0,296.0,26.0,46.0,141.0,54.0,515.0,6.0,29.0,88.0,206.0,242.0,116.0,250.0
258,50.0,131.0,128.0,166.0,75.0,18.0,44.0,304.0,26.0,48.0,255.0,82.0,535.0,6.0,30.0,90.0,131.0,250.0,131.0,227.0
259,24.0,172.0,134.0,170.0,83.0,18.0,44.0,264.0,28.0,50.0,260.0,108.0,548.0,6.0,30.0,92.0,161.0,163.0,65.0,255.0
260,44.0,181.0,117.0,174.0,78.0,0.0,46.0,281.0,28.0,50.0,255.0,110.0,562.0,6.0,32.0,70.0,154.0,212.0,81.0,260.0
261,26.0,196.0,135.0,173.0,86.0,20.0,46.0,307.0,28.0,52.0,271.0,34.0,458.0,6.0,31.0,90.0,141.0,190.0,109.0,268.0
262,42.0,202.0,118.0,181.0,88.0,16.0,48.0,270.0,30.0,54.0,278.0,0.0,558.0,6.0,33.0,92.0,177.0,197.0,113.0,274.0
263,42.0,202.0,136.0,135.0,62.0,16.0,45.0,310.0,25.0,54.0,189.0,51.0,572.0,6.0,34.0,94.0,162.0,226.0,116.0,280.0
264,19.0,199.0,140.0,177.0,84.0,16.0,7.0,318.0,29.0,56.0,265.0,67.0,465.0,6.0,17.0,96.0,180.0,168.0,51.0,288.0
265,37.0,213.0,119.0,182.0,86.0,0.0,35.0,326.0,30.0,58.0,272.0,68.0,528.0,6.0,31.0,100.0,65.0,220.0,103.0,294.0
266,0.0,197.0,141.0,186.0,88.0,0.0,39.0,334.0,30.0,58.0,278.0,70.0,539.0,6.0,32.0,102.0,133.0,226.0,32.0,302.0
267,0.0,217.0,144.0,146.0,75.0,18.0,40.0,282.0,32.0,60.0,286.0,47.0,576.0,6.0,29.0,104.0,118.0,199.0,87.0,310.0
268,0.0,211.0,126.0,184.0,53.0,12.0,11.0,334.0,32.0,62.0,292.0,67.0,581.0,6.0,33.0,103.0,148.0,102.0,51.0,318.0
269,38.0,225.0,146.0,188.0,82.0,12.0,33.0,246.0,34.0,64.0,278.0,54.0,479.0,6.0,34.0,109.0,146.0,199.0,42.0,326.0
270,0.0,230.0,150.0,192.0,84.0,12.0,34.0,282.0,34.0,66.0,207.0,36.0,580.0,0.0,34.0,112.0,154.0,141.0,68.0,323.0
271,10.0,181.0,139.0,198.0,86.0,12.0,0.0,320.0,27.0,66.0,268.0,60.0,587.0,6.0,0.0,114.0,134.0,184.0,74.0,339.0
272,16.0,212.0,153.0,118.0,88.0,0.0,0.0,328.0,33.0,68.0,285.0,24.0,507.0,6.0,36.0,64.0,155.0,195.0,29.0,348.0
273,16.0,229.0,156.0,99.0,90.0,0.0,12.0,336.0,34.0,70.0,292.0,52.0,596.0,6.0,30.0,106.0,69.0,89.0,65.0,356.0
274,16.0,234.0,160.0,114.0,92.0,0.0,4.0,258.0,36.0,72.0,300.0,29.0,612.0,6.0,0.0,108.0,92.0,156.0,66.0,351.0
275,16.0,240.0,136.0,153.0,94.0,12.0,19.0,330.0,36.0,74.0,308.0,49.0,461.0,6.0,0.0,110.0,90.0,150.0,18.0,371.0
276,0.0,246.0,160.0,67.0,96.0,8.0,17.0,271.0,38.0,61.0,316.0,27.0,472.0,6.0,0.0,114.0,122.0,171.0,46.0,380.0
277,16.0,252.0,154.0,137.0,88.0,0.0,4.0,329.0,38.0,73.0,324.0,45.0,428.0,6.0,30.0,116.0,124.0,98.0,54.0,375.0
278,0.0,223.0,166.0,140.0,86.0,8.0,14.0,209.0,6.0,76.0,332.0,46.0,551.0,6.0,18.0,82.0,128.0,136.0,25.0,395.0
279,14.0,255.0,170.0,122.0,98.0,6.0,14.0,158.0,34.0,78.0,305.0,0.0,564.0,6.0,18.0,92.0,130.0,156.0,49.0,404.0
280,12.0,262.0,174.0,142.0,100.0,6.0,14.0,223.0,32.0,80.0,339.0,48.0,508.0,6.0,18.0,110.0,17.0,160.0,50.0,414.0
281,12.0,268.0,178.0,146.0,102.0,6.0,14.0,236.0,3.0,82.0,348.0,40.0,511.0,6.0,18.0,112.0,43.0,164.0,52.0,333.0
282,0.0,274.0,182.0,93.0,104.0,6.0,13.0,266.0,6.0,84.0,356.0,2.0,571.0,6.0,20.0,114.0,90.0,168.0,52.0,411.0
283,12.0,282.0,188.0,137.0,108.0,6.0,15.0,161.0,25.0,86.0,366.0,38.0,586.0,2.0,20.0,107.0,92.0,172.0,5.0,420.0
284,10.0,288.0,192.0,61.0,110.0,6.0,16.0,249.0,22.0,88.0,293.0,34.0,490.0,6.0,20.0,117.0,78.0,176.0,49.0,321.0
285,10.0,270.0,196.0,123.0,112.0,6.0,16.0,256.0,24.0,90.0,361.0,34.0,479.0,6.0,20.0,120.0,92.0,180.0,44.0,312.0
286,10.0,296.0,202.0,69.0,116.0,0.0,16.0,199.0,24.0,92.0,288.0,36.0,571.0,6.0,22.0,124.0,27.0,186.0,46.0,395.0
287,10.0,259.0,206.0,113.0,118.0,0.0,16.0,206.0,24.0,94.0,356.0,0.0,584.0,6.0,22.0,126.0,41.0,190.0,46.0,404.0
288,0.0,264.0,212.0,79.0,122.0,6.0,10.0,245.0,0.0,0.0,366.0,25.0,600.0,6.0,22.0,130.0,44.0,194.0,48.0,414.0
289,10.0,191.0,218.0,109.0,124.0,4.0,16.0,252.0,15.0,0.0,316.0,27.0,571.0,6.0,22.0,122.0,64.0,200.0,47.0,424.0
290,8.0,244.0,114.0,109.0,128.0,4.0,0.0,258.0,19.0,18.0,368.0,16.0,617.0,6.0,24.0,134.0,66.0,178.0,18.0,436.0
291,8.0,274.0,137.0,113.0,118.0,0.0,0.0,212.0,18.0,78.0,362.0,26.0,566.0,0.0,24.0,135.0,43.0,202.0,43.0,446.0
292,8.0,175.0,187.0,116.0,100.0,4.0,16.0,163.0,20.0,56.0,189.0,26.0,609.0,6.0,6.0,124.0,63.0,173.0,44.0,458.0
293,8.0,259.0,162.0,120.0,126.0,0.0,12.0,237.0,20.0,58.0,339.0,16.0,404.0,6.0,20.0,135.0,0.0,203.0,44.0,468.0
294,1.0,266.0,188.0,122.0,128.0,4.0,12.0,244.0,20.0,58.0,348.0,24.0,591.0,6.0,20.0,89.0,26.0,208.0,46.0,351.0
295,5.0,194.0,192.0,126.0,132.0,4.0,12.0,193.0,20.0,59.0,304.0,24.0,606.0,6.0,20.0,131.0,44.0,214.0,3.0,296.0
296,6.0,258.0,161.0,128.0,136.0,4.0,12.0,221.0,0.0,61.0,322.0,26.0,620.0,0.0,22.0,134.0,44.0,218.0,43.0,267.0
297,6.0,264.0,193.0,81.0,138.0,4.0,0.0,240.0,22.0,62.0,191.0,26.0,636.0,6.0,22.0,138.0,46.0,224.0,38.0,359.0
298,6.0,265.0,198.0,98.0,142.0,4.0,0.0,246.0,18.0,64.0,317.0,26.0,518.0,0.0,22.0,110.0,46.0,230.0,40.0,340.0
299,6.0,275.0,198.0,117.0,146.0,0.0,12.0,252.0,18.0,66.0,180.0,28.0,607.0,6.0,22.0,128.0,48.0,231.0,40.0,371.0
300,6.0,128.0,206.0,58.0,150.0,4.0,8.0,258.0,18.0,68.0,187.0,28.0,641.0,4.0,15.0,69.0,50.0,241.0,42.0,392.0
301,6.0,190.0,212.0,106.0,154.0,4.0,8.0,266.0,20.0,70.0,185.0,28.0,656.0,4.0,21.0,121.0,20.0,246.0,42.0,265.0
302,6.0,238.0,216.0,33.0,158.0,0.0,8.0,272.0,20.0,72.0,254.0,30.0,666.0,4.0,0.0,124.0,44.0,252.0,44.0,375.0
303,6.0,244.0,200.0,91.0,158.0,4.0,2.0,278.0,20.0,0.0,260.0,30.0,688.0,4.0,22.0,128.0,44.0,258.0,44.0,384.0
304,6.0,237.0,222.0,94.0,148.0,4.0,8.0,280.0,20.0,29.0,248.0,30.0,507.0,4.0,18.0,104.0,46.0,264.0,46.0,394.0
305,6.0,171.0,228.0,49.0,164.0,4.0,0.0,292.0,22.0,48.0,268.0,32.0,669.0,4.0,18.0,126.0,46.0,240.0,46.0,323.0
306,6.0,194.0,234.0,23.0,168.0,4.0,0.0,298.0,8.0,15.0,227.0,32.0,686.0,0.0,2.0,130.0,48.0,270.0,48.0,391.0
307,6.0,230.0,240.0,70.0,172.0,4.0,8.0,306.0,18.0,33.0,269.0,34.0,702.0,4.0,18.0,20.0,50.0,276.0,50.0,345.0
308,6.0,232.0,159.0,72.0,104.0,4.0,5.0,304.0,18.0,41.0,276.0,34.0,702.0,4.0,7.0,84.0,50.0,284.0,45.0,395.0
309,6.0,148.0,227.0,0.0,162.0,0.0,5.0,318.0,20.0,42.0,282.0,34.0,680.0,4.0,13.0,102.0,52.0,290.0,51.0,321.0
310,6.0,222.0,234.0,74.0,166.0,4.0,0.0,259.0,20.0,27.0,290.0,36.0,618.0,4.0,14.0,40.0,54.0,298.0,52.0,356.0
311,6.0,228.0,236.0,62.0,170.0,4.0,0.0,199.0,0.0,39.0,193.0,36.0,722.0,4.0,14.0,61.0,54.0,306.0,54.0,393.0
312,0.0,61.0,244.0,60.0,87.0,4.0,6.0,118.0,20.0,0.0,275.0,38.0,740.0,4.0,14.0,83.0,56.0,300.0,49.0,402.0
313,6.0,81.0,250.0,64.0,155.0,0.0,4.0,243.0,0.0,25.0,243.0,30.0,758.0,4.0,0.0,45.0,53.0,318.0,55.0,356.0
314,6.0,166.0,256.0,66.0,79.0,4.0,4.0,255.0,16.0,29.0,279.0,38.0,627.0,4.0,14.0,30.0,57.0,321.0,56.0,408.0
315,6.0,170.0,262.0,68.0,93.0,4.0,4.0,262.0,0.0,6.0,220.0,38.0,755.0,0.0,12.0,65.0,23.0,333.0,58.0,190.0
316,6.0,174.0,257.0,0.0,130.0,4.0,4.0,267.0,0.0,24.0,274.0,40.0,773.0,1.0,12.0,68.0,51.0,340.0,58.0,273.0
317,2.0,178.0,273.0,0.0,93.0,4.0,4.0,275.0,0.0,0.0,262.0,35.0,741.0,3.0,0.0,50.0,52.0,350.0,50.0,349.0
318,6.0,107.0,280.0,0.0,127.0,4.0,4.0,235.0,2.0,5.0,284.0,39.0,739.0,2.0,0.0,66.0,54.0,358.0,58.0,358.0
319,6.0,167.0,286.0,67.0,49.0,4.0,4.0,275.0,12.0,19.0,290.0,40.0,759.0,2.0,12.0,68.0,54.0,368.0,60.0,258.0
320,6.0,114.0,294.0,41.0,101.0,4.0,4.0,282.0,8.0,16.0,229.0,42.0,684.0,2.0,8.0,70.0,56.0,376.0,62.0,199.0
321,0.0,160.0,302.0,20.0,53.0,0.0,4.0,235.0,8.0,0.0,255.0,42.0,796.0,0.0,8.0,29.0,58.0,386.0,0.0,295.0
322,6.0,164.0,188.0,36.0,97.0,4.0,4.0,281.0,8.0,16.0,284.0,44.0,699.0,0.0,8.0,61.0,58.0,396.0,64.0,316.0
323,6.0,168.0,284.0,0.0,100.0,4.0,4.0,288.0,8.0,14.0,292.0,44.0,733.0,2.0,8.0,62.0,60.0,374.0,54.0,288.0
324,6.0,172.0,290.0,38.0,102.0,0.0,4.0,296.0,8.0,14.0,256.0,46.0,611.0,2.0,8.0,64.0,62.0,406.0,54.0,267.0
325,0.0,176.0,157.0,32.0,104.0,0.0,4.0,145.0,8.0,14.0,294.0,46.0,771.0,2.0,8.0,66.0,64.0,416.0,45.0,315.0
326,6.0,180.0,248.0,32.0,87.0,4.0,4.0,207.0,8.0,14.0,302.0,48.0,790.0,2.0,8.0,68.0,66.0,359.0,55.0,324.0
327,4.0,184.0,269.0,34.0,105.0,2.0,0.0,258.0,8.0,0.0,310.0,50.0,728.0,2.0,8.0,70.0,66.0,419.0,45.0,274.0
328,4.0,190.0,159.0,34.0,108.0,2.0,4.0,264.0,8.0,14.0,318.0,50.0,775.0,0.0,8.0,72.0,68.0,430.0,39.0,284.0
329,4.0,194.0,245.0,34.0,80.0,2.0,4.0,270.0,8.0,12.0,326.0,52.0,679.0,2.0,8.0,74.0,11.0,376.0,52.0,322.0
330,4.0,192.0,254.0,36.0,104.0,2.0,4.0,278.0,8.0,12.0,334.0,54.0,526.0,2.0,8.0,76.0,59.0,434.0,52.0,329.0
331,4.0,202.0,260.0,36.0,55.0,2.0,4.0,284.0,8.0,12.0,280.0,10.0,684.0,2.0,8.0,78.0,58.0,377.0,54.0,311.0
332,4.0,189.0,266.0,32.0,3.0,2.0,4.0,292.0,0.0,12.0,294.0,44.0,748.0,0.0,8.0,57.0,0.0,278.0,22.0,338.0
333,4.0,207.0,168.0,6.0,62.0,0.0,4.0,298.0,8.0,0.0,332.0,44.0,766.0,2.0,8.0,75.0,0.0,324.0,28.0,346.0
334,4.0,212.0,252.0,30.0,72.0,2.0,4.0,306.0,8.0,12.0,340.0,46.0,633.0,2.0,8.0,78.0,0.0,393.0,44.0,191.0
335,4.0,185.0,248.0,30.0,74.0,2.0,4.0,151.0,0.0,10.0,348.0,46.0,763.0,2.0,8.0,46.0,0.0,402.0,42.0,243.0
336,4.0,215.0,262.0,30.0,49.0,2.0,4.0,188.0,8.0,10.0,356.0,48.0,782.0,0.0,8.0,72.0,0.0,359.0,46.0,306.0
337,4.0,220.0,164.0,32.0,69.0,2.0,0.0,259.0,6.0,10.0,366.0,0.0,720.0,0.0,8.0,40.0,60.0,385.0,46.0,314.0
338,0.0,226.0,246.0,0.0,72.0,0.0,4.0,225.0,6.0,10.0,374.0,15.0,775.0,2.0,8.0,66.0,28.0,412.0,48.0,191.0
339,4.0,232.0,202.0,32.0,74.0,2.0,4.0,135.0,6.0,10.0,384.0,35.0,813.0,2.0,8.0,68.0,28.0,422.0,48.0,220.0
340,4.0,238.0,243.0,3.0,0.0,2.0,0.0,115.0,6.0,0.0,394.0,34.0,828.0,2.0,8.0,0.0,28.0,432.0,37.0,281.0
341,4.0,244.0,251.0,25.0,76.0,2.0,4.0,133.0,6.0,10.0,344.0,34.0,852.0,2.0,8.0,0.0,30.0,351.0,47.0,265.0
342,4.0,250.0,256.0,22.0,64.0,2.0,4.0,192.0,6.0,8.0,398.0,19.0,653.0,2.0,8.0,15.0,30.0,429.0,48.0,289.0
343,4.0,256.0,239.0,24.0,66.0,2.0,4.0,121.0,0.0,8.0,397.0,31.0,709.0,2.0,8.0,55.0,30.0,440.0,50.0,296.0
344,3.0,262.0,263.0,24.0,66.0,2.0,4.0,181.0,0.0,0.0,415.0,0.0,654.0,2.0,8.0,40.0,32.0,373.0,50.0,219.0
345,3.0,169.0,270.0,20.0,68.0,2.0,4.0,140.0,0.0,8.0,426.0,32.0,661.0,2.0,8.0,42.0,32.0,441.0,52.0,287.0
346,4.0,249.0,276.0,24.0,0.0,0.0,4.0,178.0,6.0,8.0,431.0,26.0,779.0,0.0,8.0,30.0,34.0,401.0,30.0,294.0
347,4.0,254.0,284.0,24.0,0.0,2.0,4.0,182.0,0.0,8.0,445.0,28.0,798.0,2.0,8.0,40.0,19.0,286.0,48.0,302.0
348,4.0,260.0,133.0,24.0,0.0,2.0,4.0,97.0,4.0,8.0,456.0,28.0,818.0,2.0,8.0,40.0,31.0,415.0,50.0,310.0
349,4.0,268.0,193.0,26.0,70.0,2.0,4.0,152.0,4.0,8.0,468.0,28.0,674.0,2.0,0.0,42.0,32.0,426.0,50.0,318.0
350,4.0,274.0,181.0,0.0,42.0,2.0,0.0,167.0,0.0,8.0,480.0,30.0,650.0,0.0,8.0,42.0,32.0,422.0,52.0,314.0
351,0.0,280.0,154.0,26.0,41.0,0.0,0.0,170.0,4.0,8.0,492.0,2.0,758.0,0.0,8.0,34.0,0.0,422.0,54.0,299.0
352,4.0,85.0,217.0,22.0,43.0,2.0,0.0,153.0,0.0,8.0,463.0,0.0,800.0,0.0,7.0,42.0,9.0,372.0,0.0,331.0
353,4.0,65.0,165.0,22.0,44.0,0.0,4.0,88.0,4.0,8.0,505.0,2.0,820.0,2.0,7.0,44.0,25.0,438.0,54.0,338.0
354,4.0,183.0,200.0,22.0,46.0,0.0,0.0,106.0,2.0,8.0,518.0,26.0,668.0,2.0,8.0,34.0,22.0,383.0,46.0,346.0
355,0.0,199.0,215.0,24.0,46.0,2.0,0.0,145.0,2.0,8.0,491.0,9.0,685.0,0.0,8.0,42.0,24.0,413.0,46.0,259.0
356,4.0,204.0,220.0,24.0,48.0,2.0,2.0,148.0,2.0,8.0,533.0,15.0,550.0,0.0,8.0,44.0,24.0,446.0,29.0,337.0
357,4.0,141.0,226.0,24.0,48.0,2.0,2.0,152.0,2.0,8.0,546.0,16.0,609.0,2.0,8.0,44.0,24.0,451.0,43.0,346.0
358,4.0,195.0,97.0,26.0,30.0,2.0,2.0,156.0,2.0,3.0,527.0,0.0,730.0,2.0,8.0,46.0,26.0,467.0,44.0,354.0
359,0.0,178.0,201.0,12.0,46.0,2.0,2.0,56.0,2.0,7.0,565.0,16.0,748.0,2.0,8.0,46.0,2.0,478.0,46.0,364.0
360,4.0,200.0,206.0,22.0,46.0,2.0,2.0,136.0,2.0,8.0,580.0,14.0,658.0,2.0,8.0,48.0,24.0,296.0,43.0,372.0
361,4.0,204.0,210.0,24.0,48.0,2.0,2.0,138.0,0.0,0.0,488.0,14.0,756.0,0.0,0.0,50.0,22.0,192.0,47.0,382.0
362,4.0,210.0,216.0,24.0,50.0,2.0,2.0,142.0,2.0,8.0,545.0,14.0,548.0,0.0,8.0,50.0,5.0,341.0,48.0,392.0
363,4.0,181.0,191.0,24.0,50.0,2.0,2.0,146.0,2.0,0.0,585.0,14.0,517.0,2.0,8.0,52.0,19.0,385.0,30.0,391.0
364,0.0,135.0,219.0,26.0,52.0,2.0,2.0,150.0,2.0,0.0,600.0,0.0,578.0,2.0,8.0,54.0,18.0,368.0,46.0,409.0
365,4.0,196.0,154.0,26.0,54.0,2.0,2.0,154.0,2.0,6.0,515.0,14.0,677.0,0.0,8.0,54.0,7.0,398.0,46.0,418.0
366,4.0,156.0,182.0,26.0,54.0,2.0,2.0,87.0,2.0,4.0,603.0,12.0,694.0,2.0,8.0,56.0,17.0,408.0,48.0,430.0
367,4.0,194.0,208.0,28.0,56.0,2.0,2.0,141.0,2.0,4.0,570.0,0.0,712.0,2.0,8.0,58.0,16.0,265.0,48.0,440.0
368,4.0,106.0,67.0,19.0,58.0,2.0,0.0,146.0,2.0,4.0,620.0,12.0,730.0,2.0,8.0,58.0,18.0,387.0,50.0,452.0
369,0.0,178.0,179.0,27.0,58.0,0.0,2.0,150.0,2.0,4.0,525.0,10.0,669.0,2.0,6.0,60.0,18.0,396.0,52.0,462.0
370,4.0,115.0,110.0,28.0,60.0,0.0,0.0,88.0,2.0,4.0,621.0,0.0,745.0,2.0,8.0,53.0,6.0,406.0,52.0,446.0
371,0.0,169.0,168.0,12.0,62.0,0.0,2.0,138.0,0.0,4.0,622.0,6.0,586.0,2.0,8.0,61.0,16.0,416.0,54.0,478.0
372,0.0,82.0,142.0,24.0,64.0,2.0,0.0,50.0,0.0,0.0,552.0,8.0,734.0,2.0,0.0,62.0,16.0,340.0,56.0,455.0
373,4.0,119.0,125.0,0.0,66.0,2.0,0.0,39.0,2.0,4.0,613.0,8.0,752.0,2.0,0.0,64.0,16.0,321.0,45.0,493.0
374,2.0,147.0,161.0,24.0,66.0,2.0,0.0,70.0,2.0,4.0,606.0,6.0,635.0,2.0,0.0,66.0,16.0,346.0,55.0,416.0
375,0.0,77.0,122.0,20.0,68.0,0.0,0.0,65.0,2.0,0.0,610.0,8.0,753.0,0.0,8.0,0.0,16.0,393.0,56.0,494.0
376,0.0,44.0,156.0,0.0,70.0,0.0,0.0,88.0,2.0,2.0,657.0,8.0,667.0,2.0,4.0,18.0,18.0,404.0,58.0,463.0
377,2.0,113.0,150.0,20.0,72.0,0.0,2.0,92.0,2.0,2.0,538.0,8.0,678.0,0.0,4.0,50.0,18.0,414.0,60.0,507.0
378,2.0,116.0,162.0,18.0,55.0,0.0,0.0,69.0,2.0,0.0,652.0,8.0,759.0,2.0,4.0,46.0,18.0,256.0,24.0,436.0
379,2.0,118.0,100.0,18.0,27.0,2.0,0.0,89.0,2.0,2.0,668.0,8.0,656.0,2.0,4.0,48.0,18.0,357.0,52.0,510.0
380,2.0,122.0,128.0,18.0,60.0,0.0,0.0,92.0,2.0,2.0,686.0,8.0,695.0,0.0,4.0,0.0,17.0,389.0,54.0,445.0
381,2.0,37.0,150.0,18.0,62.0,0.0,0.0,69.0,2.0,2.0,614.0,8.0,763.0,0.0,0.0,0.0,19.0,335.0,54.0,515.0
382,0.0,71.0,46.0,16.0,64.0,0.0,0.0,89.0,2.0,0.0,678.0,8.0,763.0,0.0,4.0,27.0,20.0,391.0,56.0,437.0
383,0.0,98.0,128.0,15.0,66.0,0.0,0.0,92.0,0.0,0.0,637.0,8.0,758.0,0.0,0.0,27.0,0.0,402.0,48.0,436.0
384,2.0,100.0,130.0,19.0,0.0,0.0,0.0,94.0,0.0,2.0,538.0,8.0,807.0,2.0,0.0,28.0,20.0,406.0,56.0,507.0
385,2.0,102.0,134.0,18.0,66.0,0.0,0.0,96.0,0.0,2.0,677.0,0.0,826.0,0.0,4.0,28.0,16.0,420.0,58.0,353.0
386,0.0,31.0,138.0,20.0,56.0,0.0,0.0,98.0,2.0,2.0,694.0,8.0,846.0,0.0,2.0,30.0,16.0,329.0,60.0,484.0
387,2.0,68.0,140.0,20.0,58.0,0.0,0.0,100.0,2.0,0.0,712.0,8.0,868.0,0.0,2.0,30.0,18.0,296.0,60.0,409.0
388,2.0,85.0,144.0,20.0,58.0,0.0,0.0,104.0,2.0,0.0,557.0,8.0,890.0,0.0,2.0,30.0,0.0,391.0,62.0,364.0
389,2.0,65.0,148.0,0.0,60.0,0.0,0.0,106.0,2.0,2.0,559.0,8.0,912.0,0.0,2.0,32.0,18.0,402.0,46.0,464.0
390,2.0,83.0,152.0,20.0,61.0,0.0,0.0,108.0,2.0,2.0,439.0,8.0,934.0,0.0,2.0,32.0,14.0,412.0,60.0,463.0
391,2.0,26.0,156.0,18.0,5.0,0.0,0.0,102.0,2.0,2.0,629.0,8.0,879.0,0.0,2.0,0.0,0.0,422.0,62.0,485.0
392,2.0,70.0,57.0,18.0,20.0,0.0,0.0,112.0,0.0,2.0,592.0,8.0,623.0,0.0,2.0,34.0,0.0,424.0,22.0,496.0
393,2.0,72.0,135.0,18.0,42.0,0.0,0.0,114.0,2.0,2.0,646.0,8.0,842.0,0.0,2.0,27.0,16.0,294.0,50.0,461.0
394,2.0,20.0,138.0,18.0,44.0,0.0,0.0,118.0,2.0,2.0,532.0,8.0,892.0,0.0,2.0,29.0,10.0,412.0,54.0,322.0
395,2.0,62.0,142.0,18.0,44.0,0.0,0.0,120.0,2.0,0.0,580.0,0.0,908.0,0.0,2.0,30.0,10.0,422.0,56.0,397.0
396,0.0,62.0,106.0,20.0,46.0,0.0,0.0,124.0,0.0,2.0,642.0,0.0,940.0,0.0,0.0,30.0,10.0,355.0,56.0,278.0
397,2.0,0.0,138.0,20.0,19.0,0.0,0.0,126.0,2.0,2.0,540.0,8.0,948.0,0.0,2.0,30.0,10.0,423.0,58.0,422.0
398,1.0,8.0,86.0,0.0,26.0,0.0,0.0,130.0,2.0,2.0,549.0,6.0,984.0,0.0,2.0,0.0,10.0,432.0,60.0,358.0
399,1.0,56.0,123.0,20.0,16.0,0.0,0.0,132.0,0.0,2.0,550.0,6.0,925.0,0.0,2.0,31.0,10.0,444.0,49.0,344.0
400,2.0,44.0,131.0,16.0,33.0,0.0,0.0,136.0,2.0,2.0,625.0,6.0,831.0,0.0,2.0,27.0,10.0,415.0,59.0,377.0
